Word,Count
*,4265
the,3155
,2501
to,1514
a,1003
is,760
of,731
we,706
in,659
and,649
this,634
for,625
it,389
that,384
or,364
with,326
be,325
License,320
on,304
file,294
if,292
under,265
by,248
an,246
not,241
are,227
The,215
have,208
will,201
may,194
from,192
distributed,192
use,189
so,187
child,186
We,184
If,178
Apache,173
This,168
more,164
at,161
process,158
one,158
as,157
up,137
See,135
You,132
can,127
which,126
thread,123
do,123
any,122
just,121
all,116
only,116
when,115
server,109
set,105
don't,105
but,105
should,103
you,101
parent,101
our,98
then,96
config,94
work,91
has,90
threads,89
no,89
error,88
need,87
worker,87
time,86
copy,82
either,81
OR,80
before,80
-,79
OF,78
specific,77
required,76
want,75
information,74
except,74
get,73
request,73
ANY,72
children,71
than,71
(the,70
number,70
scoreboard,70
additional,70
permissions,70
copyright,69
was,69
software,69
handle,69
first,69
WARRANTIES,68
there,67
socket,67
Software,67
2.0,67
signal,66
Foundation,66
new,66
\"\AS\,66
service,66
used,66
WITHOUT,65
language,65
some,65
regarding,65
implied,65
\IS"\\,65
already,65
express,65
CONDITIONS,64
licenses,64
\License,\,64
case,64
license,64
http://www.apache.org/licenses/LICENSE-2.0,64
\BASIS,\,64
(ASF),64
compliance,64
\writing,\,64
agreed,64
limitations,64
contributor,64
agreements,64
\KIND,\,64
obtain,64
ownership,64
Licensed,64
Unless,64
law,64
Version,64
\"\License"\);\,64
applicable,64
ASF,64
governing,64
NOTICE,64
list,63
into,63
exit,62
next,62
start,62
because,61
it's,59
restart,59
MPM,58
each,58
must,58
function,57
out,56
since,56
return,55
listener,55
make,54
really,54
call,53
been,53
same,53
we're,53
off,52
code,52
them,52
module,51
default,50
now,50
other,50
until,49
shutdown,49
log,48
data,48
us,46
end,45
idle,45
without,45
path,44
keep,44
here,44
create,44
doesn't,44
---,43
string,43
filter,43
about,42
connection,42
still,42
window,42
over,41
read,41
would,41
It,41
called,40
queue,40
its,40
they,39
after,39
bucket,38
value,38
these,38
we've,38
check,37
sure,37
accept,37
pool,37
sockets,37
XXX,36
0,36
done,36
command,36
running,36
what,36
line,36
processes,35
won't,35
send,35
try,35
loop,35
see,35
we'll,34
NULL,34
know,33
1,33
die,32
functions,32
main,32
merge,32
enough,32
through,32
single,32
graceful,32
down,32
XXX:,31
run,31
another,31
name,31
does,30
For,30
connections,30
can't,30
buffer,30
port,30
brigade,30
match,30
current,29
event,29
close,29
their,29
between,29
second,29
once,29
around,29
doing,28
Create,28
something,28
always,28
slot,28
might,28
Don't,28
=,28
while,28
stuff,28
where,27
matches,27
-k,27
way,27
structure,27
client,27
requests,27
sent,27
A,26
too,26
state,26
spawn,26
kill,26
structures,26
going,26
also,26
allow,26
pid,26
workers,26
system,26
console,26
ever,25
modules,25
generation,25
pass,25
back,25
header,25
Now,25
shared,25
directory,25
@file,24
address,24
isn't,24
block,24
message,24
entry,24
****************************************************************,24
args,24
@brief,24
fork,24
means,24
how,24
configuration,23
context,23
much,23
many,23
###,23
user,23
mode,23
later,23
bad,23
within,23
servers,23
extra,23
size,23
reset,23
count,23
two,23
given,23
per,22
again,22
most,22
things,22
across,22
array,22
core,22
handler,22
messages,22
pointer,22
condition,22
such,22
multiple,22
skip,22
actually,22
needed,22
\this,\,21
own,21
never,21
didn't,21
ignore,21
character,21
setting,21
cannot,21
above,21
@},21
tell,21
returns,21
==,21
change,21
last,21
signals,21
wake,20
found,20
created,20
remove,20
following,20
\here,\,20
In,20
probably,20
assume,20
track,20
maintenance,20
could,20
find,20
@{,20
x,20
stderr,20
full,19
headers,19
flag,19
trailing,19
pipe,19
errors,19
directive,19
memory,19
wait,19
support,19
bit,19
possible,19
let,19
field,19
add,19
happen,19
per-directory,19
bytes,19
least,19
previous,19
below,19
trying,19
But,19
needs,18
away,18
output,18
timeout,18
both,18
give,18
longer,18
root,18
shut,18
\process,\,18
clean,18
original,18
right,18
using,18
per-server,18
avoid,18
access,18
like,17
buckets,17
When,17
else,17
got,17
hook,17
restarts,17
apache,17
empty,17
handles,17
&,17
2,17
normal,17
passed,17
network,17
starting,17
Number,17
deal,17
response,17
open,17
Pool,17
Note,17
#define,17
type,17
returned,17
So,17
note,16
simply,16
stop,16
values,16
every,16
terminate,16
AP_SIG_GRACEFUL,16
real,16
old,16
received,16
processing,16
cleanup,16
tty,16
good,16
goes,16
whole,16
common,16
phase,16
gets,16
hit,16
handled,15
register,15
entire,15
record,15
started,15
order,15
hasn't,15
go,15
filters,15
table,15
cause,15
being,15
char,15
status,15
level,15
were,15
input,15
result,15
files,15
control,15
kernel,15
sending,15
global,15
prevent,14
safe,14
ensure,14
limit,14
hooks,14
@addtogroup,14
temporary,14
zero,14
listeners,14
Windows,14
subrequest,14
ServerName,14
active,14
well,14
These,14
whitespace,14
take,14
cache,14
--,14
Start,14
hash,14
failure,14
TODO:,14
available,14
SIGTERM,14
IPv6,14
prior,14
long,14
pretty,14
cycle,14
very,14
vhost,14
uses,14
remaining,13
calls,13
fewer,13
reading,13
host,13
EOS,13
\0,\,13
internal,13
HTTP,13
continue,13
catch,13
/,13
\processes,\,13
handling,13
left,13
initialize,13
override,13
nothing,13
leave,13
instead,13
whether,13
able,13
space,13
SIGHUP,13
bother,13
otherwise,13
Kill,13
dead,13
byte,13
addresses,13
lifetime,12
Find,12
names,12
thing,12
completion,12
free,12
point,12
added,12
There,12
reporting,12
twice,12
small,12
blocked,12
caller,12
Unix,12
finished,12
stack,12
length,12
resources,12
rather,12
store,12
.htaccess,12
###:,12
waiting,12
To,12
Set,12
Check,12
(or,12
Since,12
test,12
via,12
fix,12
utf-ize,12
provided,12
scan,12
keeps,12
reason,12
those,12
element,12
static,12
mutex,11
partial,11
logs,11
hidden,11
method,11
bunch,11
debugging,11
simple,11
checking,11
crashing,11
poll,11
resource,11
allowed,11
signaled,11
redirected,11
>,11
chain,11
path_info,11
few,11
merged,11
action,11
No,11
listening,11
maximum,11
\set,\,11
logged,11
Only,11
total,11
save,11
Time,11
strip,11
==>,11
API,11
routine,11
Limit,11
manager,11
gracefully,11
place,11
I,11
appear,11
hold,10
sections,10
symlink,10
creating,10
existing,10
\request,\,10
anyway,10
fill,10
\exited,\,10
null,10
termination,10
body,10
That,10
Worker,10
All,10
specified,10
looking,10
sort,10
Wait,10
even,10
\However,\,10
there's,10
aren't,10
section,10
include,10
script,10
write,10
variable,10
busy,10
\it,\,10
problem,10
anything,10
arguments,10
overhead,10
appropriate,10
protocol,10
listen,10
(which,10
future,10
Otherwise,10
Initialize,10
against,10
URI,10
routines,10
changes,10
lot,10
\error,\,9
blocking,9
(and,9
consider,9
worrying,9
ourselves,9
events,9
initial,9
leading,9
lines,9
get_remote_host,9
walk,9
instance,9
OS,9
descriptors,9
advance,9
report,9
relative,9
install,9
info,9
necessary,9
pick,9
forever,9
clear,9
Where,9
warning,9
attempts,9
stored,9
better,9
matching,9
pod,9
notice,9
characters,9
!=,9
nice,9
Make,9
AND,9
Copyright,9
we'd,9
special,9
round-robin,9
globals,9
apr_table_t,9
argument,9
fetch,9
allocate,9
virtual,9
immediately,9
onto,9
written,9
\file,\,9
recycled,9
locked,9
machine,9
Keep,9
matched,9
MaxClients,9
determine,9
systems,9
environment,9
index,9
terminating,9
Get,9
An,9
\string,\,9
replace,9
ungraceful,8
defaults,8
HandlerRoutine,8
child_main,8
blocks,8
NT,8
returning,8
clients,8
wasn't,8
yet,8
accepts,8
WIN32,8
open_logs,8
s,8
seems,8
wrong,8
macro,8
during,8
shouldn't,8
happens,8
did,8
item,8
variables,8
WinNT,8
fd,8
help,8
<=,8
canonical,8
accepted,8
whatever,8
further,8
begin,8
ap_threads_per_child,8
************************************************,8
key,8
fatal,8
everything,8
put,8
process's,8
due,8
definitions,8
NOTE:,8
CPU,8
critical,8
filename,8
directly,8
SCM,8
expected,8
SERVER_STARTING,8
reuse,8
fail,8
},8
bind,8
\function,\,8
'/',8
{,8
allows,8
checks,8
Win9x,8
Each,8
fd_queue_t,8
Child,8
const,8
join,8
registered,8
rest,8
Rob,8
University,8
ThreadLimit,8
It's,8
logic,7
pollset,7
private,7
contains,7
Remember,7
First,7
purpose,7
complete,7
\line,\,7
grab,7
one_process,7
syntax,7
part,7
likely,7
continuation,7
\time,\,7
procedure,7
*free*,7
Send,7
init,7
descriptor,7
had,7
working,7
location,7
indicate,7
lost,7
permission,7
target,7
append,7
strings,7
c:/a/b,7
content,7
changed,7
exiting,7
name_chain,7
\parent,\,7
defined,7
little,7
main/parent,7
insert,7
node,7
Minimum,7
@defgroup,7
\microseconds,\,7
Use,7
occur,7
NOT,7
ordering,7
FIXME:,7
top,7
correct,7
exits,7
subclass,7
invoked,7
requires,7
\Interval,\,7
\name,\,7
ap_mpm_run(),7
APACHE_MPM,7
hard,7
Atomically,7
associated,7
unless,7
passes,7
AP_MPM_DEFAULT_H,7
completely,7
Tell,7
and/or,7
\checks,\,7
sync,7
parses,7
move,7
beginning,7
logging,7
\first,\,7
\enough,\,7
PID,7
slots,7
absolute,7
down:,7
(e.g,7
soon,7
told,7
useful,7
Maximum,7
turn,7
Handle,7
THE,7
RFC,7
Service,7
(because,7
almost,7
looks,7
Linux,7
httpd,7
sense,7
sets,7
flags,7
option,7
redirect,7
proper,7
perform,7
writes,7
entries,7
seriously,7
configured,7
@ingroup,7
Some,7
Close,6
lookup,6
performance,6
based,6
who,6
volatile,6
\that,\,6
Note:,6
Do,6
TCP,6
you're,6
why,6
stuck,6
creates,6
valid,6
security,6
define,6
haven't,6
\out,\,6
3,6
neither,6
kept,6
depend,6
r->filename,6
pop,6
ignoring,6
compile-time,6
listener_may_exit,6
\yet,\,6
VER_PLATFORM_WIN32_NT,6
caretaker,6
accept(),6
\again,\,6
\server,\,6
APR_CHARSET_EBCDIC,6
translated,6
reasons,6
Win32,6
platforms,6
\termination,\,6
\so,\,6
segment,6
slashes,6
FollowSymLinks,6
worth,6
:),6
missing,6
loaded,6
together,6
none,6
Read,6
IN,6
NCSA,6
TPF,6
cleaned,6
attempt,6
restart;,6
short,6
n,6
ready,6
binary,6
runs,6
tried,6
spawned,6
browsers,6
\otherwise,\,6
utility,6
executable,6
connected,6
\brigade,\,6
Returns,6
search,6
\Otherwise,\,6
..,6
reached,6
e.g,6
IPv4,6
Connection,6
lock,6
\case,\,6
\also,\,6
terminated,6
\child_exit,\,6
Skip,6
+,6
pools,6
ServerLimit,6
Signal,6
component,6
say,6
gone,6
point;,6
->,6
Host:,6
parsed_uri,6
optimize,6
conditions,6
destroy,6
non-graceful,6
(see,6
commands,6
etc..,6
recover,6
coming,6
C-L,6
properly,6
URL,6
exist,6
update,6
decide,6
arg,6
etc,6
reach,6
construct,6
chance,6
\code,\,6
format,6
cache_element,6
switch,6
plog,6
-djg,6
inherited,6
\die,\,6
listed,6
early,6
\servers,\,6
content-type,6
times,6
force,6
group,6
they're,6
Remove,6
successful,6
typos,6
less,6
including,6
\(e.g.,\,6
maybe,6
getting,6
release,6
ap_start_shutdown(),6
options,6
contents,6
'em,6
osver.dwPlatformId,5
accepting,5
look,5
position,5
\MAX_SPAWN_RATE,\,5
\hook,\,5
nor,5
ones,5
currently,5
solely,5
segments,5
SIGPIPE,5
finish,5
serious,5
\path,\,5
Necessary,5
sanity,5
WM_ENDSESSION,5
AcceptEx,5
form,5
transaction,5
eg:,5
Shutdown,5
cleared,5
POST,5
parser,5
originally,5
\assigned,\,5
seconds,5
\point,\,5
\down,\,5
\(i.e.,\,5
threadsafe,5
prefix,5
tells,5
What,5
outside,5
ip,5
Probably,5
Go,5
free_list,5
provides,5
select,5
behavior,5
buffers,5
\sockets,\,5
ErrorDocument,5
standard,5
Once,5
BeOS,5
simplifies,5
successfully,5
restart(),5
bigstring,5
stopped,5
stat,5
couldn't,5
2),5
users,5
hostname,5
FOR,5
Setting,5
DNS,5
sources,5
GLA,5
couple,5
sends,5
filling,5
\up,\,5
frees,5
truncate,5
writing,5
StartService(),5
\logging,\,5
parse,5
uri,5
identifier,5
McCool,5
saved,5
IP,5
\non-comma,\,5
initializes,5
\Therefore,\,5
\walked,\,5
ThreadsPerChild,5
\NULL,\,5
Add,5
APR,5
tune,5
unblock,5
attention,5
actual,5
doubled,5
dir,5
directory_walk,5
packets,5
silly,5
served,5
three,5
\Um,\,5
app's,5
pending,5
assure,5
text,5
particular,5
Admin,5
Grab,5
remember,5
token,5
forking,5
updated,5
operation,5
exec,5
ipaddr_chain,5
(as,5
container,5
your,5
max,5
\mode,\,5
register_hooks,5
worry,5
post_config,5
model,5
break,5
storage,5
regular,5
class,5
build,5
closed,5
\"\\,5
HTTP/1.1,5
linked,5
Code,5
care,5
implementation,5
graceful_restart,5
hand,5
(if,5
expression,5
local,5
NULL;,5
\structure,\,5
Something,5
\change,\,5
*),5
intended,5
elements,5
NameVirtualHost,5
\connection,\,5
IDLE,5
service_name,5
&&,5
\header,\,5
closes,5
overrides,5
delay,5
source,5
Fix,5
opts,5
that's,5
(C),5
belongs,5
trash,5
causes,5
Ensure,5
setup,5
different,5
escape,5
ports,5
invisible,5
broken,5
makes,5
explicit,5
disable,5
1),5
serverroot,5
THIS,5
initialized,5
permitted,5
beyond,5
\done,\,5
\wrong,\,5
named,5
exited,5
snapshot,5
fell,5
database,5
preserved,5
Ignore,5
assumption,5
final,5
\signals,\,5
LF,5
read_config,5
vars,5
gave,5
replacement,5
Allocate,5
adding,5
name-based,5
inside,5
\/a/b,\,5
detected,5
here..,5
accounting..,5
master_main,5
d,5
require,5
crash,4
rapidly..,4
business,4
correctly,4
code..,4
penalty,4
On,4
NO,4
join_workers(),4
name-vhost,4
\off,\,4
usually,4
algorithm,4
\sigh,\,4
Is,4
clone,4
attach,4
requested,4
containing,4
read(),4
although,4
startup/shutdown,4
making,4
Open,4
\syscall,\,4
getpid(),4
iovecs,4
compiler,4
Give,4
parents,4
Main,4
Nagle,4
hosts,4
app,4
handlers,4
best,4
course,4
binds,4
charset,4
rst,4
removed,4
maxxed,4
logger,4
pathological,4
individual,4
UDP,4
client_data,4
configure,4
closing,4
\window,\,4
starts,4
int,4
far,4
comment,4
\locking,\,4
signal_threads(),4
mutexes,4
\handlers,\,4
aliases,4
missed,4
enable,4
non-fatal,4
dir_walk,4
admin,4
contexts,4
receives,4
waking,4
\children,\,4
Server,4
exploded,4
\address,\,4
various,4
signal_parent(),4
def,4
non-zero,4
Reset,4
monitor,4
APACHE_MPM_EVENT,4
\Great,\,4
\Secondly,\,4
destroyed,4
pre-config,4
They,4
CGI,4
exists,4
\itself,\,4
As,4
\core's,\,4
\well,\,4
lstat(),4
cleanups,4
\group,\,4
tests,4
kicking,4
stdout,4
child's,4
link,4
mean,4
struct,4
exit(),4
dummy,4
though,4
Before,4
responsible,4
Structure,4
\list,\,4
translation,4
components,4
httpd.conf,4
server_rec,4
allocated,4
layer,4
quick,4
ServerRoot,4
stdin,4
Carnegie,4
||,4
threaded,4
disconnected,4
\dies,\,4
Exported,4
\below,\,4
\second,\,4
http_main,4
'%',4
pconf,4
\stop,\,4
certain,4
Here,4
triggered,4
SERVER_READY,4
lets,4
plain,4
interrupted,4
non-whitespace,4
\quickly,\,4
blank,4
occured,4
registers,4
ensures,4
extension,4
race,4
ok,4
\empty,\,4
compute,4
\subrequest,\,4
registry,4
Just,4
benefit,4
\above,\,4
suddenly,4
_probably_,4
\Unix,\,4
platform,4
APACHE_MPM_WINNT,4
Listen,4
pthreads,4
perhaps,4
Take,4
\bucket,\,4
become,4
-d,4
\restart,\,4
non-white,4
**,4
\sections,\,4
bomb,4
recursion,4
bookkeeping,4
forget,4
\thread,\,4
Save,4
rate,4
per-transaction,4
APACHE_MPM_WORKER,4
stealing,4
\r->filename,\,4
unsigned,4
whose,4
works,4
Somehow,4
situations,4
notify,4
ap_rgetline,4
slack,4
determined,4
died,4
says,4
Truncate,4
1-for-1,4
r->per_dir_config,4
-aaron,4
made,4
people,4
version,4
-1,4
would-be,4
Not,4
\failed,\,4
@param,4
SSL,4
\Win32,\,4
\new,\,4
larger,4
HUPs,4
mistakenly,4
screen,4
starve,4
Also,4
swamp,4
reaped..,4
Clean,4
ap_queue_pop(),4
directives,4
hopefully,4
stderr_pool,4
idle_spawn_rate,4
atom,4
pertaining,4
dispatch,4
worse,4
htaccess,4
succeed,4
up),4
Mellon,4
desired,4
runservice,4
AP_SIG_GRACEFUL),4
finished;,4
workers_may_exit,4
Initialise,4
cleans,4
earlier,4
takes,4
hits,4
Many,4
NUL,4
File,4
provide,4
exponential,4
From,4
initialization,4
supposed,4
finds,4
Detects,4
happened,4
attempting,4
\directives,\,4
\ago,\,4
cases,4
\filter,\,4
VirtualHost,4
DEFAULT_REL_RUNTIMEDIR,4
\is,\,4
numbered,4
hmodLock,4
trigger,4
thrash..,4
exact,4
pathname,4
\argument,\,4
finite,4
IMPLIED,4
\specific,\,4
ThreadDispatch,4
aside,4
symlinks,4
Last-Modified,4
Ben,4
filesystem,4
indicates,4
\socket,\,4
\buckets,\,4
pre_config,4
pipes,4
requests),4
front,4
quoted,4
ignored,4
death..,4
(then,4
<VirtualHost>,4
Clients,4
print,4
Block,4
depends,4
stable,4
\these,\,4
stay,4
unix,4
supports,4
duplicate,4
IOCompletionPort,4
rewalking,3
Recall,3
\WM_CLOSE,\,3
plus,3
reference,3
I'm,3
mtime,3
follow,3
Actual,3
POLLIN,3
web,3
tested,3
style,3
Generic,3
results,3
this:,3
#endif,3
thought,3
Got,3
\root,\,3
':',3
phase:,3
(request_rec,3
500,3
APACHE_MPM_BEOS,3
hang,3
_OSD_POSIX,3
wildcard,3
Well,3
\available,\,3
\port,\,3
server's,3
query,3
confusing,3
spaces,3
declarations,3
codes,3
upon,3
Roy,3
Status,3
Win32/OS2,3
\system,\,3
Begin,3
Store,3
literal,3
ap_rgetline_core,3
CRLF,3
recent,3
map_to_storage,3
__FILE__,3
proxy,3
\descriptor,\,3
explicitly,3
Must,3
OSs,3
POLLERR,3
dump,3
decided,3
\lines,\,3
equivalent,3
toggle,3
MaxRequestsPerChild,3
cache->dir_conf_merged,3
initiate,3
queues,3
HTTPd,3
shutdown_pending,3
compiled,3
parameter,3
consistent,3
causing,3
came,3
score;,3
copied,3
map,3
thinking,3
slash,3
\context,\,3
fixup,3
gives,3
connection;,3
possibly,3
owned,3
rbb,3
range,3
N,3
NOP,3
\canonical,\,3
mpm_new_argv,3
mostly,3
window's,3
\First,\,3
non-blocking,3
Pipe,3
escaped,3
hhkCallWndProc,3
uninstall,3
4,3
I'll,3
Apache/2.0.41,3
parsing,3
verifies,3
increment,3
KQueue,3
shutting,3
sorted,3
daemons_min_free,3
ask,3
below..,3
fine.),3
*not*,3
APR_ENOSPC,3
0.0.0.0,3
id,3
queue_info->idlers,3
SIGABRT,3
operating,3
\handler,\,3
Setup,3
Death,3
regex,3
*Non*-shared,3
\non-zero,\,3
bits,3
preserve,3
appropiate,3
(You'll,3
hmm..,3
trailer,3
sometimes,3
true,3
-->,3
(where,3
MUST,3
lower,3
redirects,3
toggled,3
processor,3
End,3
(c),3
Netware,3
guaranteed,3
\small,\,3
job,3
\recursion,\,3
***,3
\ap_start_restart(),\,3
this..,3
Stop,3
initiated,3
service's,3
checked,3
eventually,3
requests_this_child,3
hashing,3
(potentially),3
survive,3
passing,3
Out,3
weren't,3
With,3
Spawn,3
\slash,\,3
\sequence,\,3
Calculate,3
Merge,3
having,3
Track,3
familiar,3
Register,3
behaviour,3
\example,\,3
request-line,3
vhosts,3
failures,3
NT/2000,3
reverse,3
efficient,3
apr_stat,3
Step,3
\merge,\,3
ap_start_restart(),3
Relieve,3
details,3
service_nt_main_fn,3
thread..,3
ptrans,3
inherit,3
bound,3
Having,3
granted,3
(Re)initialize,3
services,3
absolutely,3
TODO,3
come,3
cleaning,3
step,3
items,3
winnt_rewrite_args,3
room,3
(per_dir_result),3
SIGXFSZ,3
Continue,3
you'll,3
communication,3
issue,3
\zero,\,3
watch,3
\one,\,3
apr_parse_addr_port(),3
APR_DIR,3
packet,3
react,3
non-NULL,3
ID,3
name-vhosts,3
distribution,3
\subrequests,\,3
Should,3
os2,3
insure,3
please,3
restart_pending,3
compared,3
dir_conf_merged,3
expect,3
MAX_THREAD_LIMIT,3
supplied,3
EOF,3
dynamic,3
installed,3
_this_,3
circumstances,3
bindprocessor(),3
Run,3
Previously,3
service.c,3
\use,\,3
proceed,3
ap_queue_info_wait_for_idler,3
Provide,3
/'s,3
i.e,3
child.c,3
ap_configfile_t,3
\pids,\,3
hack,3
fully,3
quoted-pair,3
interfaces,3
shutdown/restart,3
primary,3
reliable,3
apply,3
let's,3
hooked,3
debugging..,3
potential,3
terminal,3
\SIGHUP,\,3
Restart,3
(we,3
ONE_PROCESS,3
\immediately,\,3
asked,3
POSIX,3
filenames,3
Attempt,3
\future,\,3
optimized,3
calling,3
keepalive,3
tack,3
stability,3
\r->per_dir_configs,\,3
Portions,3
others,3
readable,3
OK,3
APACHE_OS_UNIX,3
AIX,3
\characters,\,3
Optional,3
Getting,3
fields,3
default_handler,3
pattern,3
documents,3
PCRE,3
\signal,\,3
context:,3
separately,3
it..,3
\kernel,\,3
normally,3
locations,3
\changed,\,3
trie,3
Try,3
Return,3
@@@,3
globals..,3
<,3
native,3
OS/2,3
remain,3
(a,3
backslash,3
polling,3
compile,3
Pause,3
assumes,3
tries,3
placed,3
latter,3
\pdesc[0],\,3
piped,3
retains,3
\disabled,\,3
acts,3
hence,3
sig_term(),3
executing,3
retrieve,3
At,3
\not,\,3
drive,3
follows,3
wouldn't,3
lookups,3
invalid,3
obscure,3
somehow,3
Variables,3
flip,3
Leave,3
magic,3
ToDo:,3
iteration,3
page,3
mark,3
shmem,3
now..,3
conf,3
\way,\,3
timestamp,3
situation,3
\scoreboard,\,3
approach,3
tend,3
stuff..,3
usual,3
MAX_SERVER_LIMIT,3
ap_regex_t,3
impossible,3
http,3
compare,3
readability,3
\local,\,3
addr,3
serviced,3
REALLY_FIRST,3
16,3
general,3
buy,3
ap_meets_conditions,3
unset,3
Report,3
\bytes,\,3
SIGXCPU,3
lying,3
entered,3
Prepare,3
\gracefully,\,3
void,3
highest,3
moving,3
wide,3
seg,3
\exits,\,3
swap,3
high,3
rewritten,3
\Thus,\,3
Content-MD5,3
rid,3
points,3
turns,3
parsed,3
processed,3
like:,3
rely,3
\So,\,3
full-context,3
attempted,3
Prefork,3
cast,3
\buffer,\,3
hint,3
signaling,3
prefer,3
Default,3
folding,3
fact,3
starved,3
cpu,3
encounters,3
aspects,3
stage,3
shortage,3
tear,3
\nonzero,\,3
controlling,3
stab,3
\item,\,3
acceptable,3
ASCII,3
Used,3
\unblocked,\,3
often,3
capture,3
accumulated,3
sequence,3
Old,3
replaced,3
ahead,3
occurs,3
reserve,3
rerun,3
\handle,\,3
\configuration,\,3
\be,\,3
\busy,\,3
\read,\,3
exit),3
1808,3
kind,3
EBCDIC,3
windows,3
affects,3
Inc,3
definition,3
vhost's,3
(this,3
While,3
end-result,3
<Directory>,3
beer,3
applying,3
\stuff,\,3
blast,3
ENETDOWN,3
expecting,3
scripts,3
library,3
matters,3
think,3
pull,3
\default,\,3
object,3
team,3
pre-connection,3
\SIGTERM,\,3
resolve,3
score,3
DAMAGES,3
BEOS,3
relying,3
strict,3
generally,3
\loop,\,3
NetWare,3
Whoops,3
Build,3
operations,3
0);,3
Client,3
large,3
apr_poll(),3
problems,3
worker's,3
unbinds,3
\listeners,\,3
idea,3
\body,\,3
\shortage,\,3
\check,\,3
now_merged,3
generic,3
standalone_main;,3
Accept,3
quickly,3
restarting,3
dealing,3
\copy,\,3
violating,3
comparison,3
keep-alive,3
util.c,2
Found,2
\on,\,2
exiting:,2
\safe,\,2
reused,2
Cambridge,2
\happened,\,2
example),2
binding,2
GET,2
\retrieved,\,2
ap_mpm_process_exiting,2
FollowSymOwner,2
interactions,2
\client,\,2
main(),2
\success,\,2
delimited,2
improvement:,2
\"\kill(ap_my_pid,\,2
they'll,2
\descriptors,\,2
underlying,2
dot,2
\options,\,2
timestamps,2
\terminated,\,2
elapsed,2
Ask,2
mid_dir_walk,2
obsolete,2
There's,2
\array,\,2
example,2
auth,2
identity,2
events:,2
process->argv[];,2
feature,2
\place,\,2
ability,2
telnet,2
basic,2
After,2
r->args,2
plug,2
implemented,2
\string"\\,2
\deleted,\,2
slept,2
Given,2
EXPRESS,2
fixed,2
decoding,2
\patches,\,2
accept_mutex,2
\proceed,\,2
Redistributions,2
moved,2
assumed,2
\apPID_shutdown,\,2
Parent,2
default_list,2
UNIVERSITY,2
LIABLE,2
Overriding,2
document,2
We'll,2
invocation,2
exceeds,2
deliver,2
purposes,2
dir_merged/file_merged,2
403,2
timer,2
coded,2
Better,2
indexing,2
3),2
USE,2
redundancy,2
Notes:,2
pain,2
signal_arg,2
along,2
alive,2
-DONE_PROCESS,2
HTTP.),2
LPARAM,2
mobile,2
Martin's,2
RST,2
AI,2
respects,2
lParam);,2
BE,2
beats,2
observing,2
r->subprocess_env,2
(catch,2
rewrite_args,2
trouble,2
total_modules,2
Hook:,2
numbers,2
APR_LNK,2
builtin,2
\"\/"\\,2
Nothing,2
Any,2
holding,2
LRESULT,2
threads',2
\id's,\,2
Nagle's,2
\exit,\,2
dealt,2
RegisterServiceProcess,2
(UNIX),2
iphash_table,2
tokens,2
ALL,2
disclaimer,2
rules,2
\hostname,\,2
grok,2
\module,\,2
semantics,2
hereby,2
signalled,2
SendMessage,2
presuming,2
counter,2
wndprop,2
Lock,2
safely,2
dink,2
whenever,2
typically,2
(including,2
\mod_logio,\,2
cross-process,2
side,2
10.1.1.1,2
pointers,2
\recycle,\,2
sorts,2
scheme,2
logoff,2
killing,2
IPC,2
defines,2
FLUSH,2
milliseconds,2
DEFAULT_PIDLOG,2
that'll,2
sanity-checks,2
testing,2
tid,2
scoreboard...,2
WARNING:,2
apps,2
timing,2
AP_MPM_WANT_RECLAIM_CHILD_PROCESSES,2
Hyde,2
lasts,2
\messages,\,2
address:port,2
legal,2
(in,2
\stack,\,2
Evaluates,2
woah,2
bogus,2
newer,2
everybody,2
note:,2
unspecified,2
ndef,2
WAIT_TIMEOUT,2
Show,2
2.2,2
Apachecon,2
\SPECIAL,\,2
waste,2
temp,2
\components,\,2
We've,2
\fail,\,2
EPoll,2
\"\get\,2
escaping),2
design,2
dispatched,2
extensions,2
\removed,\,2
gla,2
seen,2
\info,\,2
\ENOMEM,\,2
\(EOF),\,2
recurse,2
WPARAM,2
contain,2
case),2
subcontext,2
URLs,2
\problem,\,2
(no,2
mpm,2
explode,2
utf-8,2
Thau,2
synchronized,2
-DNO_DETACH),2
http_protocol.c,2
lowercase,2
Re-check,2
PATH_INFO,2
enters,2
basket,2
Convert,2
(!ps->quiescing),2
\'/',\,2
restart_event,2
INFO,2
recycle,2
\"\apachectl\,2
sequences,2
property,2
catching,2
\IPv4,\,2
implies,2
\them,\,2
unique,2
RFC2068,2
30,2
comes,2
syslog,2
comparisons,2
offset,2
\wParam,\,2
rewrite_args),2
NULL);,2
dropped,2
Locate,2
abort(),2
finding,2
\modify,\,2
Watch,2
(apr_sockaddr_t,2
\token,\,2
reported,2
hookwndprop,2
\broken,\,2
MD5,2
requested),2
tab,2
PostQueuedCompletionStatus(),2
unmark,2
buffering,2
manoj,2
MS,2
terminator,2
continues,2
efficiency,2
segfault),2
NO_USE_SIGACTION,2
translate,2
understand,2
sig_coredump,2
*this*,2
Win9xConHook,2
\elsewhere,\,2
PURPOSE,2
infinity,2
gcc,2
afterwards,2
ints,2
getpid,2
Rewrite,2
ap_add_module(),2
'apache,2
material,2
\Now,\,2
slurp,2
'.',2
advertising,2
aaron,2
sleeping,2
stripping,2
\Additionally,\,2
application,2
removes,2
chains,2
definitely,2
awakened,2
\r,\,2
Display,2
select(),2
putting,2
harmless,2
name],2
'..',2
Configuration,2
pmatch,2
[signal,2
flush,2
wrapper,2
Suppose,2
\equivalent,\,2
http_main.c,2
Remaining,2
uncommitted,2
\'next',\,2
protocol-specific,2
APR_EINTR,2
Strip,2
Test,2
Core,2
directories,2
mop,2
Copy,2
\(IOW,\,2
'initialize',2
fast,2
<Directory,2
good..,2
meaning,2
negotiation,2
documented,2
Bell,2
Greg,2
\present,\,2
**paddr,2
HMODULE,2
\INT_MAX,\,2
\first_child,\,2
\console,\,2
tuck,2
Interrupt,2
cleaner,2
pipelined,2
\0"\,\,2
perfectly:,2
disabled,2
\now,\,2
jgm+@cmu.edu,2
\logger,\,2
methods,2
(ap_threads_per_child,2
telling,2
ap_queue_interrupt_all(),2
Be,2
bytes_sent,2
unexpected,2
\found,\,2
concatenated,2
loops,2
occurred,2
req,2
applications,2
master,2
alternate,2
Then,2
Unblock,2
happened:,2
http://localhost///foo),2
mpm_winnt.c,2
irrecoverable,2
sec_idx,2
ServerAliases,2
\mutexes,\,2
(Failing,2
run-time,2
USE_CANONICAL_PHYS_PORT_OFF,2
Notice,2
operations),2
\ap_update_child_status_from_indexes(my_child_num,\,2
\names,\,2
custom,2
absoluteURI,2
R5,2
Initialization,2
Event,2
guard,2
\uuh,\,2
throw,2
death,2
Ames,2
ap_set_sub_req_protocol,2
FollowSymlinks,2
MERCHANTABILITY,2
continuing,2
fills,2
effectively,2
quite,2
remerge,2
\AIX,\,2
callout),2
EINTR,2
origwndprop,2
arrive,2
flushed,2
ap_remove_module(),2
denied,2
\non-negative,\,2
.conf,2
\pass,\,2
provider,2
num_listeners),2
CHILDFATAL,2
modified,2
if...we,2
Executive,2
/a/b/,2
\mod_cgi,\,2
apparently,2
exports.c,2
<Location>,2
unload,2
figure,2
consists,2
\routine,\,2
Special,2
deregister,2
*read,2
\fatal,\,2
accessors,2
start_threads,2
LOSS,2
example:,2
(not,2
HARD_SERVER_LIMIT,2
\LIABILITY,\,2
\logic,\,2
generated,2
encountered,2
Bellcore,2
obvious,2
%,2
character),2
appended,2
respond,2
batch,2
\per_dir_config,\,2
(eg:,2
2000,2
resides,2
GetStdHandle(STD_INPUT_HANDLE);,2
processors,2
segfault,2
itself,2
PROVIDED,2
launch,2
CONSEQUENTIAL,2
Because,2
FreeBSD,2
\open,\,2
APACHE_MPM_BEOS_H,2
writer,2
signals..,2
Retrieves,2
anyone,2
AllowOverride,2
rare,2
owner,2
9x,2
\Spyglass,\,2
SCM's,2
UseCanonicalName,2
(mostly),2
\entry,\,2
\listener,\,2
changing,2
up;,2
bug,2
end-of-line,2
walks,2
be),2
expects,2
IF,2
Tack,2
Dealing,2
MaxRequestsPerChild),2
double,2
\E[NM]FILE,\,2
preloaded,2
1.3),2
eliminate,2
all_dead_threads,2
*pHook;,2
statement,2
access_checker,2
lr,2
GetCurrentProcessId());,2
separated,2
Prevent,2
time(NULL),2
computes,2
prioritize,2
';',2
variable--and,2
PTHREAD_CREATE_JOINABLE,2
today,2
stupid,2
delim,2
however,2
\option,\,2
coding,2
eg,2
wishes,2
pointed,2
pair,2
nesting,2
fall,2
member,2
rv,2
seeing,2
leak,2
\hc,\,2
start_mutex,2
helps,2
copies,2
ap_vrprintf_data,2
serve,2
read/write,2
blong,2
great,2
argv,2
person,2
beers,2
ap_real_exit_code,2
!one_process,2
r->server,2
Perchild,2
chained,2
split,2
billion,2
master_main(),2
capturing,2
occurrence,2
DEFAULT_LOCKFILE,2
<VirtualHost,2
favorably,2
runtime,2
Based,2
\SOFTWARE,\,2
join_workers,2
specifying,2
By,2
jobs,2
\EOS,\,2
choose,2
\e.g.,\,2
treat,2
dotted,2
o,2
Pass,2
CALLBACK,2
filled,2
subclassed,2
\notice,\,2
interesting,2
WndProc,2
Have,2
We're,2
shifted,2
\then,\,2
And,2
potentially,2
allocates,2
ServerAlias,2
-----------------------------------------------------------------------------,2
SIGWINCH,2
\do,\,2
\type,\,2
directly:,2
\far,\,2
Call,2
\apr_file_pipe_timeout_set((*pod)->pod_in,\,2
CARNEGIE,2
BUT,2
none),2
APR_FINFO_LINK,2
r->bytes_sent,2
\understood,\,2
accesses,2
optimization:,2
ring,2
concatenating,2
noted,2
Initial,2
OUT,2
SIG_IGN,2
LIMITED,2
Hopefully,2
pre-flight,2
power,2
aid,2
\Hostetler,\,2
this;,2
\segment,\,2
hhkGetMessage,2
UnhookWindowsHookEx(hhkCallWndProc);,2
Push,2
escape_path_segment(),2
wipe,2
hosting,2
-C,2
</VirtualHost>,2
\length,\,2
AP_MPM_WANT_PROCESS_CHILD_STATUS,2
progress,2
pizza,2
middle,2
Could,2
'sd',2
owes,2
digit,2
delivery,2
1991,2
declaration,2
everywhere,2
low,2
AP_SIG_GRACEFUL_STOP,2
\Unfortunately,\,2
LocationMatch,2
DEFAULT_THREAD_LIMIT,2
protected,2
ctx->b,2
ARISING,2
noting,2
copying,2
SIGUSR1,2
\closed,\,2
quoted-string,2
saving,2
quit,2
represents,2
hmodThis,2
ap_find_loaded_module_symbol,2
1.3,2
one_big_mutex,2
abort,2
stays,2
req_override,2
\enabled,\,2
APACHE_MPM_PREFORK,2
white,2
\0,2
Two,2
\"\error"\\,2
versions,2
(what,2
choice,2
1994,2
SHALL,2
encode,2
Ordinary,2
IS,2
MIME,2
\locks,\,2
ap_signal_parent(SIGNAL_PARENT_RESTART),2
4kB,2
notes,2
termination/,2
worker_thread,2
a),2
Grump,2
LWS,2
Match,2
make_sock,2
password,2
any_dying_threads,2
user's,2
increase,2
storage;,2
past,2
minimize,2
Obtain,2
\USE,\,2
success/failure,2
\cache,\,2
area,2
(such,2
locks,2
index_of_response(),2
Single,2
comments,2
producer/consumer,2
100ms,2
Retrieve,2
apr_pollset,2
documentation,2
manage,2
SIGKILL,2
\graceful"\)\,2
APLOG_DEBUG,2
whack,2
Gain,2
atomically,2
WM_QUERYENDSESSION,2
cas-based,2
nicer,2
<Location,2
vector,2
-D,2
precondition:,2
perform_idle_server_maintenance,2
+/-,2
256..,2
Under,2
3/21/93,2
shows,2
minutes,2
subdirectories,2
module-specific,2
\termination/restart,\,2
dirent,2
persistent,2
Illinois,2
reader,2
(for,2
branch,2
recreate,2
\DbgPrintf("\H\,2
you've,2
process->pool,2
prefork,2
alloc,2
mixed,2
\entries,\,2
below),2
independent,2
NEGLIGENCE,2
nonblocking,2
POD,2
subrequests,2
hopes,2
pops,2
\region,\,2
INT_MAX,2
sooner,2
maintain,2
extracted,2
cache->cached,2
exit_event,2
invariant,2
anymore..,2
\input,\,2
10.1.1.1>,2
\match-any-address,\,2
popper,2
becomes,2
backcompat,2
speed,2
${ENV},2
\Apache,\,2
goofy,2
biggy,2
program,2
revert,2
display,2
DllMain,2
consumed,2
minor,2
post,2
helpers,2
FIN,2
\condition,\,2
major,2
compromise,2
interest,2
NNTP,2
WM_SHUTDOWN,2
significant,2
ApacheWin95ServiceMonitor,2
settings,2
\SERVER_STARTING,\,2
forward,2
again),2
WSADuplicateSocket,2
remote,2
interface,2
detach,2
waits,2
\URL,\,2
ChangeServiceConfig2,2
GprofDir,2
(barring,2
Communications,2
safety,2
Jeff,2
head,2
downcase,2
merges,2
child_exit_event,2
Yuck,2
\end,\,2
reports,2
reads,2
sub_request,2
escaping,2
management,2
join_start_thread(),2
consumption,2
these..,2
minus,2
'pool',2
mutex-protected,2
quickhandler,2
amount,2
(but,2
meta-list,2
tail,2
\etc.,\,2
3:,2
\"\life_status"\\,2
\us,\,2
MELLON,2
modify,2
detaching,2
\leak,\,2
vectors,2
NEVER,2
Applications,2
S,2
stopper,2
communicate,2
briefly,2
forcefully,2
\event,\,2
listener_os_thread,2
bail,2
hhook,2
reconfiguration,2
caches),2
especially,2
pHook,2
*current,2
longjmp();,2
ConfigArgs,2
\comment,\,2
process/thread,2
internal_fast_redirect'ed,2
should-not-occur,2
dir_conf,2
\requests,\,2
thru,2
awaiting,2
G,2
John,2
ap_LINK_post_config_t,2
\CONTRACT,\,2
reception,2
(n,2
Consider,2
wants,2
Robert,2
\machine,\,2
BONE,2
OS2,2
\mpack,\,2
corrupt,2
queue_info's,2
taking,2
cleanly,2
subsequent,2
basename,2
former,2
several,2
Neither,2
(dorking,2
(used,2
optimization..,2
APR_HAS_SHARED_MEMORY,2
indicative,2
\assumptions,\,2
\workers_may_exit,\,2
-DNO_DETACH,2
\"\ThreadsPerChild"\\,2
\specify,\,2
I've,2
eat,2
sscanf,2
linux,2
ignores,2
Location,2
\yeah,\,2
captured,2
deserve,2
\process_status,\,2
CONTRIBUTORS,2
*********************************,2
per-dir,2
signed,2
APACHE_MPM_OS2,2
\Hook,\,2
addition,2
sub,2
outer,2
sar,2
\1,\,2
poor,2
\right,\,2
Permission,2
continue'd,2
re-escape,2
NUL-terminate,2
Allow,2
Increase,2
(forced),2
EVENT,2
steps,2
significantly,2
allocations,2
mapped,2
now;,2
\"\MaxRequestsPerChild\,2
processes',2
complain,2
<Files,2
channel,2
APACHE_MPM_NETWARE,2
performed,2
LISTENER_SIGNAL,2
awake,2
surface,2
\TO,\,2
penalties,2
somebody,2
issued,2
comparisons),2
os_escape_path(),2
trace,2
objects,2
insert_filter,2
severe,2
SOFTWARE,2
hot,2
tracks,2
APR_EOF,2
re-create,2
decrement,2
io,2
Even,2
cleaned-up,2
huge,2
Until,2
\i,\,2
APEXIT_NETDOWN,2
backslashes,2
Advance,2
child_main(),2
Unicode,2
How,2
tag,2
Doing,2
dynamically,2
helper,2
cached,2
NameVirtualHosts,2
preflight,2
UNC,2
PostMessage,2
apr_pool_t,2
strstr(),2
callback,2
shutdown_event,2
\nlm,\,2
held,2
COPYRIGHT,2
\write,\,2
#ifndef,2
tty's,2
big,2
base,2
CTRL_LOGOFF_EVENT,2
following:,2
tricks,2
modification,2
clobbered,2
clearer,2
ideal,2
APR_ENOTDIR,2
explanation,2
read_handles,2
programmer,2
per_dir_config,2
file_walk,2
\boxes,\,2
cheating,2
WITH,2
AP_DEBUG,2
case:,2
ARE,2
usable,2
child..,2
(Bellcore),2
\'=',\,2
\Research,\,2
SO_LINGER,2
mind,2
backtrace,2
traffic,2
mini-merge,2
distinguish,2
signalling,2
parameters,2
SetConsoleCtrlHandler,2
wow,2
Myers,2
MAX_SECS_TO_LINGER,2
AP_MPM_WANT_WAIT_OR_TIMEOUT,2
Apache's,2
merge-result,2
skipping,2
md5,2
counting,2
.,2
included,2
CallNextHookEx,2
(on,2
\clear,\,2
WM_CLOSE,2
\order,\,2
receive,2
\valid,\,2
\received,\,2
Callback,2
(hhkCallWndProc),2
description,2
up..,2
satisfy,2
\LISTENER_SIGNAL)"\\,2
CreateProcess,2
\status,\,2
\9x,\,2
v1,2
interjects,2
to..,2
idle-loop,2
pathnames,2
configurations,2
Let's,2
USE_CANONICAL_PHYS_PORT_UNSET,2
fork(),2
AP_DECLARE(int),2
noop,2
etc.),2
service/monitor,2
heading,2
WHETHER,2
bus,2
delivered,2
apr_setup_signal_thread,2
QNX,2
\"\MaxClients"\\,2
csd,2
reserved,2
children...time,2
RLIMIT,2
Shut,2
parts,2
folks,2
automatically,2
exclusively,2
fault,2
publicity,2
<DirectoryMatch>,2
statistics,2
prematurely,2
FDQUEUE_H,2
quad,2
-c,2
therefore,2
known,2
BUFF,2
minimal,2
workings..,1
src/os/unix,1
Config,1
features,1
header's,1
recognized,1
Terminate,1
daemon,1
omit,1
identify,1
ap_default_type(r),1
close_handle_in_child(),1
Received,1
\matches,\,1
\complex,\,1
\(lowercase,\,1
possibility,1
\record,\,1
\changes,\,1
'<Foo,1
mpm_winnt,1
Ugh,1
tell_workers_to_exit(),1
managed,1
setuid(),1
event/fdqueue.h,1
endianness),1
ago),1
leaving,1
them)..,1
(producing,1
oddly,1
TERM),1
pipelining,1
considering,1
script-type,1
serialization,1
Exchange,1
Avoid,1
waittime,1
std,1
caveats:,1
epoll,1
cases),1
precompiled,1
\responses,\,1
mine,1
dependencies,1
APR_SUCCESS/APR_REG,1
\128*1024,\,1
\arguments,\,1
win*_get_connection(),1
\Method,\,1
pre-loaded,1
bundling,1
noooo..,1
\relevant,\,1
marginally,1
ment,1
accessed,1
\constant,\,1
HandlerRoutine's,1
\FreeBSD,\,1
set;,1
malloc/free,1
*once*,1
directive),1
forwarding,1
finally,1
joiner,1
/../),1
\URI,\,1
(with,1
\signalled,\,1
httpd@ncsa.uiuc.edu,1
POSTs,1
waitpid(),1
understood,1
plop,1
optbuf[1],1
close(),1
NB,1
plog's,1
retain,1
\HTTP,\,1
latest,1
\absolute,\,1
DCOM,1
gettime,1
sufficiently,1
server_root,1
ap_die,1
burning,1
\arriving,\,1
\ap_update_connection_status(conn->id,\,1
(tog,1
\fork,\,1
lb,1
DBINFO_ON,1
compatible,1
permits,1
buckets:,1
\$0-$9,\,1
\r->uri,\,1
customary,1
Unfortunately,1
\sh,\,1
\occasionally,\,1
ISO-8859-1,1
file.],1
networking,1
term,1
\backends,\,1
higher-up,1
Original,1
AP_NONBLOCK_WHEN_MULTI_LISTEN,1
mpm.h,1
zero),1
horribly,1
IS_MAIN,1
forgotten,1
welcome,1
Urbana-Champaign,1
destinay,1
transient,1
dir_merged,1
\2,\,1
\deferred_write_pool,\,1
\utf-8,\,1
uh,1
\specs,\,1
arithmetic,1
more's,1
md5.c:,1
y10k,1
sendfile,1
Compile,1
bare,1
->setaside(),1
incidentally,1
remove_job,1
\location,\,1
\INDIRECT,\,1
\reaped,\,1
\tsch,\,1
SERVICES;,1
overridden,1
reinit,1
Switch,1
\occurred,\,1
ap_get_server_banner(),1
\"\http_core.c"\\,1
ThreadDispatchIOCP,1
SIGBUS,1
(ie,1
unistd.h,1
WinNT/9x,1
\"\//host/foo/"\\,1
generation's,1
accomplished,1
managing,1
cut,1
\Indeed,\,1
\destroy,\,1
evaluated,1
tandem,1
compilers,1
\[Win95,\,1
Oh,1
escaped),1
EFAULT,1
(i.e,1
800-odd,1
\cannot,\,1
table-based,1
link-local,1
childs,1
winoldap.mod,1
\commands,\,1
selected,1
paths:,1
\pipelined,\,1
iterations,1
visa,1
crap,1
merging),1
spaces),1
Fileinfo,1
cross-compiled,1
slight,1
\statistics,\,1
Define,1
(nonexistant),1
destroy_sub_req,1
\defintion,\,1
prevents,1
later],1
before..,1
!stop,1
\"\ps\,1
whereas,1
coordinate,1
2616,1
Declare,1
non-header,1
netware/mpm_default.h,1
http_core,1
Size,1
m,1
'warning',1
\started,\,1
name_vhost,1
Unix;,1
\EXEMPLARY,\,1
systems),1
BF,1
Arguments:,1
sign,1
descendent,1
Description,1
Killing,1
%4,1
\"\children"\\,1
Redistribution,1
Heidemann,1
\mpm_winnt.c,\,1
keep_alive_timeout,1
**data,1
ap_getparents(),1
interested,1
live,1
Listener,1
goings,1
*s),1
question..,1
\contexts,\,1
parms,1
\mod_core.c,\,1
Startup/shutdown..,1
new_file,1
implict,1
throughput,1
begging,1
doubts,1
if:else,1
Thoroughly,1
Valid,1
util_date.c,1
xx/../,1
\tokens,\,1
\normally,\,1
thrashing..,1
\call),\,1
ap_vformatter,1
wacked,1
clear_handle_list(),1
\alone,\,1
server_hostname,1
.1,1
prints,1
content-md5,1
;parameter=foo,1
sizeof(foo),1
overcome,1
rewrite_args(),1
light,1
605,1
non-regex,1
\strcmp,\,1
\ignored"\;\,1
codes;,1
sophisticated,1
pulls,1
spans,1
ServerPath,1
Windows9xServiceCtrlHandler,1
child_ready_event,1
\*aszPre,\,1
configuration's,1
draft:,1
encoded,1
Extern,1
\HTTP/0.9,\,1
*FPIN,1
--------------,1
Expectation,1
LoadModule,1
apr_sendfile,1
main_s->next,1
\macro,\,1
while...,1
\80,\,1
cleared;,1
\parent),\,1
\"\ApacheWin95ServiceMonitor"\\,1
I/O,1
s2,1
empty),1
64,1
context->accept_socket,1
Max,1
read;,1
ap_server_confname,1
Win2K/XP,1
winnt_accept(),1
\dying,\,1
enabled,1
host:port,1
internal/external,1
(hidden),1
\Win2000,\,1
-l,1
jump,1
sane,1
disconnects,1
unneeded,1
Iterate,1
restriction,1
subclassing,1
beos/mpm_default.h,1
prefixed,1
./,1
truth,1
HTTP/0.1000,1
\possible,\,1
WM_NULL,1
\Hummm,\,1
Win9*,1
regexp,1
width,1
preg,1
hadn't,1
Parses,1
ago,1
stripped,1
sizeof(ap_LINK_post_config_t));,1
embedded,1
isn't..,1
windows.h,1
HARD_THREAD_LIMIT,1
notifies,1
inherited!),1
(modification,1
computing,1
ip:port,1
find_ready_listener(),1
apr_file_open_stdout(),1
handshake,1
Apache..,1
now),1
\>,\,1
%9',1
National,1
BS2000,1
(all,1
one's,1
tucked,1
DATA,1
nmatch,1
-prior-,1
(RPC),1
HTTP_FILTER,1
AP_MPM_WANT_SET_STACKSIZE,1
generate,1
non-portable,1
Regular,1
(check,1
During,1
r->file_is_symlink),1
under:,1
fairly,1
leaks,1
\okay,\,1
discretion,1
executable..,1
\*cv,\,1
values..,1
\something,\,1
installing,1
/a/,1
socksts,1
\demand,\,1
ServerTokens,1
AP_DECLARE(apr_array_header_t,1
\needed,\,1
files..,1
power-of-two,1
sub_req_lookup_uri(),1
last_field,1
cr,1
libmap.conf`),1
\Simply,\,1
glibc,1
segment..,1
consuming,1
mismatches,1
4.0,1
intensive,1
comma,1
pumps,1
supplementary,1
forensic,1
hhkCallWndProc;,1
hung,1
\__FILE__="\*POSIX(/usr/include/stdio.h)"\\,1
--in,1
ap_run_create_connection,1
explaining,1
\filenames,\,1
convert,1
Bogus,1
headers),1
\delimiter,\,1
closely,1
ap_explode_recent_gmt(),1
revoked,1
\Uh-oh,\,1
THEORY,1
\util_time.h,\,1
(hopefully),1
3299,1
requirements,1
UNIX;,1
read),1
\Resource,\,1
\directive,\,1
http://www.ics.uci.edu/pub/ietf/http/draft-ietf-http-connection-00.txt,1
thread-safe,1
ON,1
_hooks.link_post_config,1
0;,1
\make_child),\,1
c:/a/,1
\connections),\,1
conn->server,1
\core.override,\,1
similar,1
\Ok,\,1
18:31:41,1
Would,1
deliberately,1
machine-dependent,1
inheritable,1
Alive,1
msg,1
automagically,1
winnt/mpm_default.h,1
Remote,1
signify,1
\bogus,\,1
invalidating,1
accumulate,1
addresses/names,1
:-),1
[WinNT,1
Supercomputing,1
@return,1
FALLTHRU,1
logoff/shutdown,1
r->filename);,1
limit),1
greater,1
r_flush,1
P's,1
ap_signal_parent(SIGNAL_PARENT_SHUTDOWN),1
\to,\,1
morph,1
consumer,1
\collide,\,1
pattern..,1
relaunch,1
[::],1
startseg,1
confused,1
Upon,1
Global,1
Our,1
Flush,1
in-sync,1
nOrder),1
test_char_table,1
Perl,1
adjuncts,1
backward,1
subrequest's,1
dedicated,1
fd's,1
VPN,1
registering,1
impossibly,1
\nice,\,1
len,1
c),1
\"\yup\,1
Keep-Alive,1
I'd,1
\authn/authz,\,1
rc,1
+3,1
writers,1
anonymous,1
\apr_vformatter_buff_t,\,1
brokenness,1
cared,1
Determine,1
autoindex,1
\puke,\,1
<LocationMatch>,1
trade-off,1
Timeout,1
\worker,\,1
AP_MPM_WANT_FATAL_SIGNAL_HANDLER,1
win9*_accept(),1
\headers,\,1
preprocessor,1
convoluted,1
Replace,1
\signal_name_prefix,\,1
Hazel,1
decides,1
warranty,1
manually,1
timed,1
\Revert,\,1
CallWndProc(INT,1
extension?),1
%5,1
interpolation,1
\method,\,1
RFC2068),1
\real,\,1
moral,1
www.example.com,1
tails,1
computed,1
\1"\\,1
encounter,1
generates,1
subreq,1
prefork/mpm_default.h,1
USE_SO_LINGER,1
mass,1
service/console,1
Outch..,1
check_restart(),1
(either,1
dll's,1
attached,1
\stderr_pool,\,1
restores,1
posted,1
apr_date_parse_http(),1
(default,1
(RSRC_CONF|OR_ALL)&~(OR_AUTHCFG|OR_LIMIT);,1
true/false,1
hPipeWrite,1
SUCCESS,1
stop),1
Delete,1
measurable,1
'add',1
performs,1
\result,\,1
NO_LINGCLOSE,1
\YMMV,\,1
CTRL_EVENTs,1
svc,1
args..,1
Expect,1
assert,1
stderr's,1
cfg_open_custom(),1
Salz,1
identical,1
prepare,1
preceding,1
Recycle,1
\StartService),\,1
apr_dir_read,1
Translate,1
'seconds',1
gen_test_char.c,1
notably,1
module's,1
crazy,1
\per-Port,\,1
DBG,1
**********************************************************************,1
apr,1
xx/.,1
ACTION,1
Path,1
lr->next,1
functions..,1
Fixup,1
\child,\,1
ap_get_server_port(),1
Epoll,1
Windows9x,1
#defined,1
remove_job(),1
arrays,1
c-t,1
ServerRoot\bin,1
Borrow,1
POST),1
mpms,1
threshold,1
lists,1
and:,1
Philip,1
ap_escape_html,1
consume,1
pHook->nOrder,1
oooh,1
Normally,1
(by,1
\*m,\,1
optimization;,1
Link,1
inserted,1
Flag,1
ap_piped_log_write_fd(pl);,1
genuine,1
annoying,1
\r->hostname,\,1
\"\"\\,1
loosely,1
EF,1
1123,1
\fit,\,1
late,1
present,1
'filename',1
pointless,1
scope,1
authenticate,1
project,1
commit,1
overallocate,1
here.),1
dword,1
EINVAL..,1
'\015',1
restore,1
MOST,1
separator,1
pre_mpm,1
\<FilesMatch>,\,1
Throw,1
possibilities,1
setups,1
id),1
types,1
customers,1
filter;,1
slosh,1
'keep,1
-L,1
\"\e:/"\\,1
dereferenced,1
Written,1
measure,1
reconfigure,1
\FreeBSD),\,1
add_job()/remove_job(),1
\optimized,\,1
Good,1
\ACTION,\,1
allocator,1
(opts_add,1
Monitor,1
12345678901234567890123456789,1
\loggers,\,1
apr_brigade_write()),1
APACHE_MPM_EVENT_H,1
AP_TIME_RECENT_THRESHOLD',1
stuffing,1
effects,1
newline,1
callbacks,1
considered,1
subdirectory,1
here:,1
\INCIDENTAL,\,1
LimitXMLRequestBody,1
thus,1
XXXXXX,1
behave,1
transition,1
%6,1
call..,1
done;,1
\"\canonical"\\,1
unusual,1
(faster),1
conn_rec,1
occuring,1
completes,1
Win95,1
AP_MPM_WANT_SET_ACCEPT_LOCK_MECH,1
\well),\,1
enter,1
\Create,\,1
'now,1
positive:,1
maintanence,1
correlate,1
'service',1
\chain,\,1
assist,1
simulating,1
400,1
proven,1
Or,1
framework,1
*this,1
Called,1
\unloaded,\,1
\GMT"\\,1
IO,1
(pc),1
<ph10@cam.ac.uk>,1
optional,1
\table,\,1
must..,1
;),1
vars..,1
shutdown(),1
\"\name"\\,1
_NOW_,1
\(argv[0],\,1
AP_MPM_WANT_SET_GRACEFUL_SHUTDOWN,1
BRIGADE_NORMALIZE(),1
silently,1
\path_info,\,1
ap_regcomp(),1
unsupported,1
seem,1
\:,\,1
Completed,1
reimplemented,1
behavior.),1
\*plog,\,1
Invalid,1
touched,1
reasonable,1
DUMP_VHOSTS,1
distribute,1
trick,1
periodic,1
'ErrorLog,1
glomed,1
otherwise:,1
thing..,1
validity,1
'\012',1
\v2,\,1
losing,1
core-provided,1
DISCLAIMS,1
non-,1
\platform,\,1
pworker,1
(even,1
success,1
\"\not\,1
'dir',1
server_limit,1
\,1
twisted,1
field-value:,1
Host-sending,1
temporarily,1
(res,1
mime,1
normalising,1
03-06-95,1
\apr_size_t),\,1
RESULTING,1
button,1
\kinder,\,1
Init,1
mod-proxy,1
\htaccess,\,1
groups,1
_always_,1
AP_MODE_PEEK,1
suspect,1
needed!!,1
Loop,1
accpet,1
URI..,1
mess,1
#if,1
\ENOTDIR,\,1
target's,1
bitmask,1
duplicates,1
apr_array_header_t,1
SIGFPE,1
\errors,\,1
lstat,1
physical,1
%00,1
INTERRUPTION),1
1998-10-03,1
second:,1
\"\80"\,\,1
\shot,\,1
_dup2(),1
folding:,1
escape_shell_cmd,1
accordingly,1
caller's,1
\environments,\,1
ic->server,1
selecting,1
raw,1
Wake,1
\from,\,1
IP-based,1
moment,1
sit,1
service..,1
POSSIBILITY,1
teased,1
reveal,1
load,1
If...we,1
@deffunc,1
++n),1
\over-optimized,\,1
auxillary,1
overrun,1
\server_root,\,1
update_child_status,1
them),1
legacy,1
clients),1
converting,1
lookup_uri,1
repeat,1
&_hooks.link_post_config);,1
OTHER,1
WORKER_SIGNAL,1
CERN,1
MAKES,1
AP_REG_E*,1
again..,1
\IRIX,\,1
pcalloc),1
\etc,\,1
_not_,1
truename,1
other_child,1
if/when,1
conf->r,1
second;,1
availeble,1
revamped,1
\Again,\,1
%z,1
connects..,1
sword..,1
MATERIAL,1
v2,1
\ITERATE,\,1
@author,1
\ImagePath,1
AN,1
\problems,\,1
\Multi-process,\,1
vhost.c,1
\EXHAUSTIVE,\,1
ControlService,1
SERVER_BASEVERSION,1
searched,1
(especially,1
game,1
play,1
win9x_accept(),1
creats,1
exceptional,1
15000,1
conf_vector,1
\vhost,\,1
indices,1
treated,1
Fall,1
looked,1
Calls,1
posix,1
*that*,1
\interesting,\,1
Function,1
request..,1
bytect,1
\apr_hook_debug_show("\post_config"\,\,1
CONCURRENT,1
(implicit),1
queue;,1
LoadLibrary(myname);,1
\enough],\,1
fragment,1
server_banner,1
tied,1
arrived,1
quotes,1
inst_argv,1
(opts,1
getpgid(),1
Failed,1
directory),1
HEAD,1
Debugging,1
MPMs,1
\complete,\,1
invoking,1
TORTIOUS,1
Filled,1
multi-process,1
pid-appended,1
\CTRL_SHUTDOWN_EVENT,\,1
settle,1
2.1,1
remains,1
puppy!!,1
erroneously,1
<LimitExcept>,1
lethal,1
fields..,1
pchild,1
\thru,\,1
SCM..,1
\addresses,\,1
'%1,1
Chances,1
(it,1
\_default_,\,1
Transfer-Encoding,1
opposed,1
contributed,1
symbols,1
Leading,1
vhost-rooted,1
limits,1
\continuation,\,1
CTRL_SHUTDOWN,1
nt_eventlog.c:,1
Rights,1
:,1
b),1
extreme,1
\matter,\,1
https://www.example.com:443,1
queued,1
buggy,1
\handled,\,1
Needs,1
bind_addr,1
Sent,1
/symlink/),1
\apPID_restart,\,1
\**arg,\,1
Cookies,1
\happens,\,1
ends,1
operation..,1
bucket),1
derived,1
context--,1
(local),1
HTTP_HEADER,1
*everything*,1
allowing,1
remained,1
endorse,1
exported,1
displays,1
flaws,1
accomplish,1
\"\as\,1
refer,1
sans,1
config],1
span,1
duplicating,1
beos/mpm.h,1
wrt,1
(hurts,1
Services/us/Parameters,1
invokes,1
\passed,\,1
Eliminate,1
gpfault,1
WSAPROTOCOL_INFO,1
counted,1
(temporary),1
regardless,1
Which,1
SCManager,1
yet),1
exception:,1
differences,1
reject,1
recording,1
\"\Apache"\\,1
absence,1
situation;,1
quick..,1
hardcoded,1
vformatter,1
can/should,1
\r->per_dir_config,\,1
warned,1
Rich,1
rewrite_args],1
eliminated,1
time(),1
\"\|..."\';\,1
NULL),1
HKLM\System\CurrentControlSet\Services\[service,1
(path,1
10,1
char),1
trees:,1
monitors,1
(If,1
Includes,1
ap_note_auth_failure(),1
\includes,\,1
arr_elts_getstr(),1
Windoes,1
\substring,\,1
AP_MPM_WANT_SET_LOCKFILE,1
\used,\,1
barf,1
/foopath,1
100%,1
ips,1
relies,1
\component,\,1
redone,1
trapped,1
Split,1
wakeup,1
failed..,1
adds,1
AP_MPM_WANT_SIGNAL_SERVER,1
individually,1
ConsoleCtrlHandler,1
hw_tty,1
(Unix,1
signal_restart_name,1
host's,1
failed-to-meet-condition,1
(!_hooks.link_post_config),1
FreeLibrary,1
describing,1
Subclass,1
mod_nw_ssl,1
disconnected),1
\"\Host:\,1
APACHE_MPM_MPMT_OS2_H,1
APACHE_MPM_WORKER_H,1
\PROFITS,\,1
forces,1
...ServiceMonitor,1
bzero(),1
request_internal,1
Board,1
compilation,1
banner,1
ap_hook_get_post_config(void),1
close_worker_sockets(),1
192,1
implmentation,1
missing-'>',1
inability,1
folded,1
\Parameters\ConfigArgs,1
suffer,1
\main,\,1
Cache,1
Aught,1
\"\Protocol"\,\,1
\perform,\,1
finalize_request_protocol,1
next_filter,1
'None',1
dirent->name,1
APR_ASCII_LF,1
prototype..,1
ap_scan_script_header_err_strs(),1
shutdown_even,1
Locks,1
ct_output_filters,1
away:,1
\non-namevirtualhosts,\,1
MSism,1
\(E[NM]FILE,\,1
c:/,1
holes,1
(just,1
tie,1
\take,\,1
sig_term,1
\1993,1994\,1
outright,1
Patterns,1
glue,1
*really*,1
brand,1
<directory>,1
'leak',1
***************************************************************,1
ap_config.h,1
squatting,1
404,1
(non-GET),1
alone;,1
\4.4,\,1
structure..,1
Although,1
S14.23),1
re-auth,1
send_handles_to_child()],1
TO,1
Min,1
\data,\,1
\aszPre,\,1
\ap_hdrs_to_ascii,\,1
'tty',1
\Linux,\,1
\"\OK"\\,1
COMPLETE,1
AT&T,1
_before_,1
Overlay,1
ill,1
shrinking,1
\(apr_proc_other_child_refresh(&pid,\,1
door,1
internal_fast_redirect,1
GOODS,1
specification,1
\base,\,1
screaming,1
generating,1
\apr_ctime(),\,1
message:,1
general-case,1
\pipe,\,1
service.c:,1
gprof,1
eos,1
continued,1
unnamed,1
relink,1
%8,1
(needed,1
StdHandle..,1
located,1
httpd.h,1
Duplicate,1
building,1
w/SSI,1
!isWindowsNT(),1
gooo..,1
msg;,1
'deliver_script',1
add_name_vhost_config(),1
\therefore,\,1
slaps,1
trusted,1
converted,1
run-time),1
\provided,\,1
statics,1
basically,1
16bit,1
(brigade,1
parent_pid,1
Done,1
System,1
non-GET,1
!AP_HAVE_RELIABLE_PIPED_LOGS,1
synch,1
'nasty',1
AP_SERVER_BASEARGS,1
r->pool,1
limitation,1
processes;,1
\regex,\,1
\CASE_BLIND_FILESYSTEM,\,1
lose,1
OR_ALL|ACCESS_CONF;,1
EAGAIN,1
corresponds,1
dangerous,1
VPATH,1
rework,1
'virt',1
--------------------,1
r->headers_in,1
SetHandler,1
\hooks,\,1
\uri,\,1
_will_,1
r->parsed_uri.scheme,1
dead..,1
necessary:,1
ap_custom_response(),1
confusion,1
*one*,1
Errors,1
meager,1
shm,1
Shortcuts;,1
scream,1
hierarchy,1
dup2'd,1
\(GetModuleFileName(hmodThis,\,1
ap_regexec(),1
\device,\,1
ht,1
offsetted,1
_really_,1
\Springfield,\,1
new->,1
(::),1
mpm_common.h,1
Tag,1
paid,1
WatchWindow,1
Systems,1
explicity,1
\resource,\,1
Resize,1
100,1
part),1
(unsigned,1
gubbins,1
\intuitive,\,1
Indicates,1
appears,1
doubt,1
\setaside,\,1
\"\+0000"\;\,1
specify,1
remove_module,1
themselves,1
design:,1
(scheme://host:port),1
n;,1
determines,1
dir_config,1
'run',1
Useful,1
\phases,\,1
execution,1
libkse,1
\SetWindowsHookEx(WH_CALLWNDPROC,\,1
conf\httpd.conf,1
\per-directory,\,1
\structures,\,1
Optimization,1
signal_service_transition,1
non-child,1
permit,1
\USR,\,1
intend,1
mpm_runservice_nt(),1
through;,1
40kB/s,1
auto-detect:,1
file-based,1
destory,1
Brandon's,1
of:,1
dependancies,1
\active,\,1
httpd's,1
filename_len==strlen(r->filename),1
translations,1
03-21-93,1
response),1
buff.curpos,1
\"\+\,1
mand,1
*********************************************************************,1
\s,\,1
Possibly,1
order..,1
case/resolving,1
\"\networks"\\,1
\ugly,\,1
continuous,1
allocating,1
\apr_stat,\,1
displaying,1
tranaction,1
Experience,1
[save,1
\next,\,1
\count,\,1
advised,1
sig,1
PR#38070:,1
easy,1
pain..,1
PROGNAME,1
5,1
platforms),1
cfg_getline(),1
Right,1
GetWindowLong,1
weird,1
unhealthy,1
\protocol,\,1
httpready,1
\DisplayName,1
core_reorder_directories,1
OCCUR,1
->satisfy[],1
read_handle,1
Either,1
\DOS),\,1
APACHE_OS_NETWARE,1
string..,1
simpler,1
AFAICT;,1
Reap,1
\too,\,1
:(,1
pollfd,1
min_spare_threads,1
perchild,1
\reasons,\,1
Hankins,1
last_char,1
PEEK,1
image,1
Rather,1
Perform,1
canonicalize,1
*single*,1
belong,1
AP_MPM_WANT_SET_SCOREBOARD,1
\build,\,1
Hanche-Olsen,1
WIN9x,1
(causing,1
\succeed,\,1
\apr_rfc822_date(),\,1
(returned,1
APR-Util,1
according,1
\::,\,1
\Yow,\,1
\unfortunately,\,1
\NOT_IN_DIR_LOC_FILE,\,1
\fun,\,1
\specifically,\,1
\"\/accept.lock"\\,1
ip-vhost,1
name;,1
condtion,1
win32,1
\server_rec,\,1
netware/mpm.h,1
\http_core,\,1
random,1
gone),1
mmap+memcpy,1
memory),1
sub-request,1
reuseaddr,1
winnt_get_connection(),1
Reclaim,1
\negative,\,1
O(n),1
not-a-path,1
unlock,1
install_transport_filters,1
bubble,1
post-config,1
interpolated,1
\forms,\,1
one),1
md5c.c,1
important,1
well(?),1
defer,1
_only_,1
optimization,1
\dynamic,\,1
share,1
Same,1
Commands..,1
redundant/duplicate,1
2.4,1
libraries,1
\_beginthread(worker_main,\,1
header/trailer,1
\update,\,1
Its,1
That's,1
stream,1
already-used,1
instances,1
<FilesMatch>,1
E,1
Scan,1
\1995,\,1
flushing,1
failt,1
unescaped,1
thread_id,1
core.c::merge_core_dir_configs(),1
life,1
case..,1
does),1
numeric,1
->next,1
easy-to-get,1
-M,1
create/use,1
syntax..,1
V8,1
readers,1
Thing,1
\"\APACHE2\,1
*******************************************************************,1
similar.),1
man's,1
file-specific,1
undoes,1
\exiting,\,1
dups,1
\is"\\,1
\aborted,\,1
detect,1
\begins,\,1
\ok,\,1
(presently),1
Canonicalize,1
anyways..,1
(case-sensitive),1
leaves,1
impact,1
waitpid,1
is_graceful!?,1
releasing,1
Bad,1
ic->names,1
_default_,1
\filename,\,1
\entirely,\,1
hitting,1
BB,1
not;,1
\Win9x,\,1
_easily_,1
\"\default"\\,1
\1.3,\,1
netmsg.dll,1
wanted,1
make_sock(),1
timeout..,1
http_config.c:,1
Release,1
(void,1
already.),1
package,1
\ProcessAttach:%8.8x\r\n"\,\,1
SIGABORT,1
\Champaign,\,1
InputFilter,1
decremented,1
Rerun,1
rec,1
brigade's,1
rapidly,1
solves,1
overflowing,1
ServerName/ServerAlias,1
1<<16,1
Bit,1
Table,1
shutdown_listeners();,1
limited,1
socket),1
absoluteURIs..,1
server_version,1
\necessary,\,1
aid:,1
strftime,1
\inclusion,\,1
0),1
************************************************************************,1
hvae,1
B_SAFEREAD,1
expressions,1
ACCURACY,1
\anything,\,1
non-connection,1
temp_pool,1
\Well,\,1
walked,1
main_server,1
\interact,\,1
APR_SUCCESS,1
(=activate),1
\MIN_WRITE_SIZE,\,1
churning,1
opportunity,1
follows),1
separate,1
\block,\,1
base->response_code_strings,1
\streams,\,1
/dev/null,1
transformations..,1
(maybe,1
bailed,1
fanf,1
dirsection(),1
monitored,1
reasons:,1
differently,1
zero-length,1
api,1
Data,1
suck,1
Listenting,1
Win32/NetWare/OS2,1
webmasters,1
\restart"\\,1
1.1,1
architectures,1
intents,1
ap_fini_vhost_config(),1
Things,1
flushes,1
sub-requestors,1
dll,1
arrives,1
proposed,1
collapses,1
invoke,1
w.r.t,1
httpd.c:,1
\unlikely,\,1
trailers,1
TRACE),1
extern,1
srm.conf,1
functions',1
thunking,1
#,1
\calls,\,1
\"\Sat,\,1
percent,1
hModule;,1
introduced,1
app),1
'c',1
substitutes,1
register/deregister,1
-n,1
ultimately,1
expanded,1
parsable,1
Resolve,1
Update,1
\Basic,\,1
WILL,1
whacked,1
Zap,1
directory's,1
inst_argc,1
terms,1
UNDER,1
updating,1
(4),1
\ProcessDetach:%8.8x\r\n"\,\,1
Thus,1
beos,1
ABOUT,1
executes,1
i,1
TRUE,1
ONLY,1
env,1
\message,\,1
half,1
\one),\,1
*paddr,1
apart,1
(should,1
d->opts_remove),1
cgi_status,1
\Note,\,1
solve,1
heavy,1
operator,1
rh,1
signal_shutdown_name,1
massively,1
BUSINESS,1
[transition,1
compress,1
Win2K,1
\StartService(),\,1
registry..,1
hwnd,1
ap_set_module_config(ap_conf_vector_t,1
\"\if\,1
case/aliases,1
return;,1
\"\/"\)\,1
doubled-double,1
NLM,1
concurrently,1
research,1
inform,1
nelts,1
(new),1
safer,1
mishandle,1
\s_main->error_log,\,1
_close()'ed,1
cfg_open_custom():,1
DISCLAIMED,1
last_lr,1
can't),1
pHook->pFunc,1
data:,1
using..,1
Required,1
AddOutputFilterByType,1
RPCSS,1
(same,1
WHATSOEVER,1
undefined,1
forced,1
pushes,1
5.3,1
similiarly,1
APLOG_TOCLIENT,1
\required,\,1
MODIFIED,1
watching,1
\resolve_symlink(r->filename,\,1
(apr_hook_debug_enabled),1
Definitions,1
zero-byte,1
\(startup),\,1
octets,1
2:,1
letter,1
\apr_proc_wait(),\,1
EXEC_ON_READ,1
entirely,1
Handles,1
apparent,1
modifiers,1
Usually,1
Cross-country,1
hole,1
ident,1
commands..,1
failing,1
(deliberately),1
cflags,1
numerous,1
\world,\,1
(_assume_,1
ForceType,1
\PATH_TRANSLATED,\,1
\5.2.1,\,1
VERY,1
Here's,1
parsers,1
aszSucc;,1
25-Oct-96,1
clearing,1
Exit,1
(from,1
\Services/us,\,1
infect,1
shuts,1
odd-looking,1
ap_discard_request_body,1
\CTRL_CLOSE_EVENT,\,1
resolved,1
AP_MPM_WANT_SET_MAX_MEM_FREE,1
essentially,1
417,1
alas..,1
Soak,1
describe,1
Win9xConHook.dll,1
special-cases,1
viewing,1
pHook->szName,1
reflect,1
string),1
locks..,1
\DIRECT,\,1
Examine,1
win32/os2,1
(ap_LINK_post_config_t,1
dup,1
products,1
David,1
dependency,1
apr_socket_recv(),1
failure..,1
'weren't,1
r->output_filters,1
guarantees,1
(typically,1
Alloc,1
protects,1
'\n':,1
resolving,1
\case),\,1
ap_send_error_response,1
Rem,1
base->sec_file,1
week,1
401,1
shooting,1
Apache/2,1
supply,1
ponder,1
95/98,1
max_requests_per_child_event:,1
hope),1
child_exit_event),1
\"\real"\\,1
'0',1
bottom,1
\Hey,\,1
OWNER,1
Of,1
probes,1
SIGILL,1
needcset[],1
apPID_shutdown,1
_any_,1
justify,1
Recover,1
(configuration,1
it),1
notification,1
\1994,\,1
proc,1
Every,1
simplify,1
\tm,\,1
readability/timeout,1
relevant;,1
s->addrs),1
\description,\,1
dropping,1
event/mpm.h,1
concat,1
\"\accept"\\,1
\threads,\,1
Trustees,1
apr_time_exp_gmt(),1
phases,1
\EBADF,\,1
r->hostname,1
mpmt_os2/mpm.h,1
expiration,1
substantially,1
Directive,1
apr_socket_sendv,1
status),1
Group,1
is_subclassed,1
\severe,\,1
emulate_sendfile,1
win32/filesys.c,1
\HookProc,\,1
lowercasing,1
CONCAT,1
pointing,1
APACHE_MPM_THREADED_H,1
\paseses,\,1
\any,\,1
mod_vhost_alias,1
\non-"\HTTP"\\,1
iovec,1
\[scheme://]fully-qualified-domain-name[:port],\,1
src/main,1
\really,\,1
invocations,1
\-e"\\,1
\distribute,\,1
DBPRINT_ON,1
<Files>,1
problematic..,1
Maintain,1
apr_base64.c,1
\care),\,1
\however,\,1
forgets,1
\directory,\,1
subclasssed,1
spawning,1
voided,1
Like,1
headers..,1
res;,1
\phase,\,1
SAME,1
\"\CallWndProc"\),\,1
ap_run_post_config(apr_pool_t,1
r->request_time,1
\(2),\,1
IPV6_V6ONLY,1
vectors),1
cleanup_shared,1
BELLCORE,1
Shutting,1
apr_getopt(),1
intentional,1
backwards,1
non-keepalive,1
create_connection,1
Can,1
later_than(),1
Please,1
WINNT,1
generic..,1
Ok,1
sorted..,1
\null,\,1
HTTP/1.0,1
\documentation,\,1
\reuseaddr,\,1
Stub,1
INCLUDING,1
(d->opts_add,1
aszSucc);,1
Win9xConHook.h,1
ap_explode_recent_localtime(),1
\send,\,1
established,1
http_main.h,1
--Module,1
collect,1
wipes,1
Returns:,1
Multiple,1
ap_listener,1
resolve_symlink,1
HTTP_NOT_MODIFIED,1
ISAPI,1
\"\[fe80::1]"\)\,1
fails,1
bandwidth-delay,1
REQUIRED,1
FreeLibrary(hmodLock);,1
check_hostalias,1
merging,1
CONNECTION,1
form..,1
wildmat.c,1
\improvement,\,1
detecting,1
FILE,1
sub_reqs,1
maxed,1
his,1
\ASAP,\,1
accept_line,1
Another,1
caution,1
adjacent,1
waitlist_e,1
offense,1
subexpressions,1
(MD5_DIGESTSIZE,1
walking,1
\IPv6,\,1
ap_bsetop(BO_RXLATE),1
realms,1
\queue,\,1
inserts,1
0.),1
Demon's,1
gwltty_ttywnd,1
mirrored,1
signifigant,1
Routines,1
httpd-2.1,1
buffered,1
gotten,1
older,1
anymore,1
substituted,1
1995-96,1
influences,1
mpm_winnt.h,1
APR_HOOK_REALLY_LAST,1
-w,1
vbuff,1
out-of-space,1
\have,\,1
necessary..,1
\chance,\,1
prefork/mpm.h,1
\copies,\,1
lucky,1
stranded,1
OPT_SYM_OWNER,1
overallocated,1
O(n^2),1
deny,1
val,1
_prepend_,1
\name"\\,1
navigate,1
happy,1
\rest,\,1
_hooks.link_post_config;,1
\granted,\,1
procnew->in,1
carriage,1
AP_ENABLE_EXCEPTION_HOOK,1
\detach,\,1
sites,1
Deal,1
Temporary,1
goodness,1
mentions,1
\non-NULL,\,1
dispatches,1
i/o,1
board,1
but..,1
include/ap_regex.h's,1
multithreaded,1
munge,1
http_log.c:,1
if(!_hooks.link_post_config),1
errnos,1
*)c);,1
\(S9,\,1
>',1
core's,1
qsort,1
BS,1
[in,1
invoke_handler),1
tuned,1
IPHASH_STATISTICS,1
Joe,1
storing,1
adminstrators,1
intended],1
drop,1
\-f,\,1
\*pf,\,1
'subtract',1
Authorization,1
effective,1
'Unset',1
implicit,1
\"\GMT"\\,1
encoding,1
\OPT_SYM_LINKS),\,1
*then*,1
\command,\,1
malloc,1
tidy,1
AP_MPM_USES_POD,1
os_escape_path,1
65536,1
representative,1
Microsoft,1
learned,1
\start,\,1
strlen,1
file),1
Request-URI,1
(true,1
somewhat,1
15,1
Unload,1
Termination,1
\APR_ENOENT,\,1
\volatile,\,1
Look,1
failed,1
\(pconf,\,1
dies,1
$RuntimeDir/%,1
Abort,1
'E',1
\node,\,1
www.example.com:80,1
\symlinks,\,1
process),1
\fact,\,1
Best,1
r->path_info,1
child_events,1
shutdowns,1
prototypes,1
rudimentary,1
allowed_globals.jobmutex,1
sleep,1
21:49:08,1
PHP/4.2.2,1
Set-Cookie,1
real_exit_code,1
macros,1
escapes,1
\"\snapshot"\\,1
[to,1
entering,1
Protocol,1
\apr_filepath_merge,\,1
mod_rewrite),1
reduce,1
Henry,1
root's,1
Firewall,1
debug,1
in-memory,1
IL,1
%3,1
non-mpm,1
exit_event:,1
ap_daemons_to_start,1
\I.e.,\,1
aside..,1
\bug,\,1
CAUSED,1
\CRLFs,\,1
WAN,1
GCC's,1
double-slash,1
Effects:,1
initiating,1
\SUCCESS,\,1
\"\special"\\,1
Enforce,1
request_rec,1
respect,1
delimiters),1
input/output,1
(),1
reasonably,1
\ENOBUFS,\,1
Heuristic,1
simplified,1
tsch,1
ending,1
wouldblock,1
\things,\,1
cheap,1
Reconfigure,1
http_conf_globals,1
\directory_walk,\,1
POLLSET_SCALE_FACTOR,1
'e',1
myname[MAX_PATH];,1
[Directories,1
actions,1
identical.),1
accept_lock,1
\"\./"\)\,1
non,1
Assume,1
\WM_ENDSESSION,\,1
s1,1
spine,1
expose,1
sometime,1
basics;,1
\blank,\,1
\buffer_output,\,1
\dead,\,1
\"\subhosts"\\,1
encodings),1
Why,1
/a/b/foo,1
More,1
error),1
sockaddr,1
r->pool))),1
IOCompletion,1
\apr_hook_sort_register("\post_config"\,\,1
\QNX,\,1
semaphore,1
location_walk,1
unnecessary,1
back-compatibility),1
Creation,1
lf,1
assemble,1
fortunately,1
supporting,1
gwltty_phandler,1
treating,1
ap_my_generation,1
inactive,1
APR_HAS_MMAP,1
external,1
\above),\,1
oh..,1
accept()],1
suffice,1
(since,1
(debug),1
line's,1
sensitivity,1
\APR_DIR,\,1
LimitRequestBody,1
read_request_line,1
lingering_close,1
08,1
C,1
TORT,1
\$-expressions,\,1
\(horrible,\,1
\testing,\,1
resolves,1
pf;,1
apr_array_push(_hooks.link_post_config);,1
DEBUG_CFG_LINES,1
httpd.pid,1
application's,1
last-but-one,1
circuits,1
memcpy,1
start..,1
driven,1
involves,1
Unescapes,1
\line(s),\,1
vs,1
regfree(),1
off..,1
HTTP_IN,1
gracefully..,1
borrowed,1
server-wide,1
\same,\,1
patch,1
(chdir),1
excluding,1
(n),1
*.conf,1
\seen,\,1
\latency,\,1
wlen,1
gentler,1
core.opts,1
atom-ized,1
\ap_configfile_t,\,1
judge;,1
|,1
iDNS,1
CONN_STATE_CHECK_REQUEST_LINE_READABLE,1
Hamilton,1
\fallout,\,1
(comments,1
what's,1
\BeOS,\,1
\slosh,\,1
\123"\)\,1
EVENTS,1
alternative,1
allocs,1
DEBUG,1
1Mb/s,1
Warn,1
Interface,1
XXXX:,1
\Inc.,\,1
\shutdown,\,1
related,1
\optimize,\,1
Linux),1
\redirects,\,1
startup),1
horrific,1
albeit,1
\"\tspecials"\\,1
\not-found,\,1
create_dir_config,1
Items,1
HKLM\Software\Microsoft\Windows\CurrentVersion\RunServices\[service,1
authorized,1
four,1
angst,1
Win9x],1
_walk()er,1
break'able,1
section;,1
spot,1
re_nsub,1
once..,1
\(I.e.,\,1
controller,1
fee,1
ap_escape_uri,1
sharing,1
ttyConsoleCreateThread,1
'ok',1
parse_uri:,1
switches,1
\two,\,1
iterating,1
vulnerable,1
dispatching,1
writes),1
GetMsgProc(INT,1
Content-type,1
un-escaped,1
per-request,1
anyhow,1
manner,1
(hmodLock),1
conjunction,1
parse_uri_components(),1
sure',1
host;,1
\LF),\,1
insignificant,1
Base,1
'common',1
sole,1
\*ptemp,\,1
path),1
mega-cycles,1
(32538)An,1
Support,1
fixing..,1
SPECweb99,1
parameters;,1
HTTP_BAD_REQUEST,1
this_worker_should_exit,1
catastrophic,1
lived,1
convinced,1
apr_hook_global_pool,1
request.c,1
Simple,1
cares,1
splice,1
hyperterm),1
\WARRANTIES,\,1
worker/mpm_default.h,1
fnmatch,1
continuations,1
wrong-cased,1
winoldap,1
recorded,1
CTRL_SHUTDOWN_EVENT,1
\'proper',\,1
suitability,1
preform,1
'\025',1
completion_contexts,1
PROFITS;,1
Map,1
marked,1
%2,1
\expires,\,1
\apr_socket_close(),\,1
04-14-95,1
is_service,1
HOLDERS,1
apr/apr.exports,1
underscores,1
\*aszSucc,\,1
\stdin,\,1
Side,1
*)_hooks.link_post_config->elts;,1
time-consuming,1
rewrite,1
443,1
adjust,1
local_addr,1
manipulation,1
thunks,1
\Port,\,1
request-based,1
\purposes,\,1
examples:,1
Instead,1
shifting,1
\tristate,\,1
concern,1
Inherit,1
luck,1
\types,\,1
\"\previous"\\,1
apr_time_exp_t,1
sendfile_it_all(),1
mpm_service_name,1
I.e,1
Search,1
CreateProcess(),1
brigades,1
period,1
WE,1
fails.,1
follows:,1
\exist,\,1
ap_escape_url,1
Spencer's,1
am,1
r->mtime,1
d),1
Most,1
preconstructed,1
nature,1
\(HOOKPROC)GetProcAddress(hmodHook,\,1
simplification,1
\operations,\,1
number_to_start,1
Let,1
'offset',1
Tech.Notes,1
McCool;,1
Ths,1
dec,1
get_listeners_from_parent(),1
server-status,1
allocation,1
feet..,1
unserialized,1
apr_proc_other_child_read,1
EVEN,1
bundle,1
void*,1
translated),1
IOCP,1
compatability,1
\DATA,\,1
\acceptex,\,1
Shout,1
(at,1
evaluation,1
traditionally,1
sizeof(myname))),1
script's,1
\access,\,1
hope,1
child-alone,1
3.2,1
ACKed,1
parse_htaccess,1
\file_walk,\,1
s->module_config,1
dumping,1
r->protocol);,1
incremented,1
\*pconf,\,1
pHook[n].pFunc,1
add_any_filter(),1
add_job(),1
MAC,1
cs,1
-X,1
(without,1
apr_sendfile(),1
threads_min_free,1
NEED_INITGROUPS,1
commas;,1
Wall-to-wall,1
scripting,1
translate_name,1
\accept,\,1
stat(),1
xxx,1
\dirent->name,\,1
killed,1
nul,1
SSI,1
SetHandleInformation,1
\"\method"\\,1
Disable,1
(The,1
event/pod.h,1
earliest,1
\systems,\,1
OS2/Netware,1
\tty,\,1
r->main,1
Symlink,1
\global,\,1
we?,1
line;,1
80,1
_child_,1
bitten,1
Anything,1
request/mtime,1
vhost_lookup_data,1
\"\downcast"\\,1
\sort,\,1
\APLOG_ERR,\,1
owning,1
\!strcmp(r->parsed_uri.scheme,\,1
passwords;,1
printf,1
signal_monitor,1
lead,1
params,1
allowed:,1
died..,1
TIMEOUT:,1
tests..,1
_walk/merge,1
Cast,1
hmodHook,1
\in-place,\,1
\Hence,\,1
service_to_start,1
check_safe_file,1
close],1
signal..,1
../,1
module..,1
Maintained,1
Prepend,1
\multi-slashes,\,1
seriousness,1
pHook->aszPredecessors,1
Host:-based,1
\parameter,\,1
(makes,1
promote,1
\regexes,\,1
anyways,1
cased,1
longest,1
(rst@ai.mit.edu),1
view,1
\v2"\,\,1
$RuntimeDir/,1
restricted,1
Non-relative,1
\go,\,1
reaches,1
fold,1
field-name:,1
****************************************************************************,1
doing..,1
inserting,1
request's,1
http://issues.apache.org/bugzilla/show_bug.cgi?id=28450,1
iphash_table_tail,1
addreses,1
excessive,1
servicename,1
sell,1
my_pid,1
\ended,\,1
ARGUMENTS,1
\folding,\,1
http_config.c,1
hacks,1
sems,1
\ServerName,\,1
\mutex,\,1
callers,1
buff,1
stragglers,1
publicised,1
Development,1
pulled,1
s);,1
\COM1,\,1
Someone,1
_after_,1
\continuing,\,1
\string),\,1
Still,1
\ap_stripprefix(a,b)\,1
FooBar/1.2b,1
Other,1
\"\10.1.1.1"\\,1
field-name,1
\directly,\,1
vec,1
fixing,1
apr's,1
CTRL_BREAK_EVENT,1
WM_QUERYSHUTDOWN,1
2068,1
NETWARE,1
burn,1
media-/content-type),1
spite,1
win9x_get_connection(),1
(modules,1
interpret,1
connects,1
ADVISED,1
becuause,1
chunks,1
seperate,1
profiling,1
(up,1
brackets,1
\dependencies,\,1
accept_queue,1
beos_accept,1
Win32/Netware/OS2,1
MacOS;,1
all),1
thread;,1
portions,1
Install,1
relative/regex/longer,1
a_p_o_c,1
when:,1
[no,1
\(file,\,1
STRICT,1
stats,1
arr_elts_getstr()),1
\FITNESS,\,1
<johnh@isi.edu>,1
indefinitely,1
improve,1
group;,1
hassle,1
lots,1
\bigstring,\,1
HTTP_NOT_FOUND,1
stacks,1
Procedure,1
\elements,\,1
extended,1
\WndProc,\,1
snarfed,1
paths,1
\LF,\,1
\succeeds,\,1
\core_handler,\,1
nutshell,1
service.h,1
\versa,\,1
conf/httpd.conf,1
\quick_handler,\,1
server_main_loop(),1
pay,1
Respond,1
Parent:,1
/symlink,1
Filters,1
space(s),1
Expressions,1
event/mpm_default.h,1
effort,1
\word,\,1
met,1
unintentionally,1
negative,1
GPROF,1
etc),1
func_cb,1
4.1.1,1
reproduce,1
BY,1
higher,1
wish,1
Defaults,1
FD,1
--enable-pool-debug),1
core_filters.c,1
alloc()ing,1
Process,1
unconsumed,1
SUBSTITUTE,1
getaddrinfo(),1
2.6,1
out..,1
varies,1
seed,1
\host:port"\,\,1
\request-line,\,1
-John,1
nest),1
Clear,1
redundant,1
\horrors,\,1
real-honest,1
defined;,1
updates,1
'true',1
\"\http"\)\,1
\process),\,1
apr_pollset_poll(),1
depending,1
\NUL,\,1
gathered,1
Todo,1
Socket,1
\NT/9x,\,1
operates,1
belonging,1
Failure,1
agree,1
\service,\,1
names..,1
concatenate,1
\psuedo-handle,\,1
releases,1
select()/poll(),1
Empty,1
Builds,1
\r->info,\,1
Ctrl-C/Ctrl-Break,1
brigade:,1
taken,1
\slot,\,1
(vs,1
ap_hook_post_config(ap_HOOK_post_config_t,1
\"\worker"\\,1
pl->program,1
poll(),1
function..,1
dynamic_modules,1
inherits,1
IT,1
modules),1
modulo,1
AP_REG_NOMATCH,1
supported,1
outlives,1
bureaucracy,1
reusable,1
BEFORE,1
\escape_path_segment(),\,1
decorate,1
running.),1
titled,1
apr_time_now(),1
\NetBSD,\,1
wndproc,1
$ServerRoot/$RuntimeDir/gprof.$pid/gmon.out,1
03-10-95,1
opened,1
Important:,1
APACHE_MPM_PREFORK_H,1
_again_,1
multi-threaded,1
delete,1
Passed,1
agree),1
\efficiency,\,1
writev_it_all,1
\"\next"\\,1
\modification,\,1
already;,1
::,1
'link',1
DUMP_MODULES,1
hangs,1
\work,\,1
renamed,1
SYSTEM,1
cookie_table,1
dependent,1
tree,1
speculative,1
offsets,1
\"\e:/test.html"\,\,1
answering,1
Hmmm..,1
chars,1
%7,1
\INCLUDING,\,1
mapping,1
submatches,1
input.),1
ap_hdrs_from_ascii,1
AP_REG_ESPACE,1
Lets,1
caching,1
\results,\,1
Outta,1
type/subtype,1
\listen,\,1
cost,1
APR_ENOENT,1
ordered,1
getstr(),1
mechanism,1
952,1
char*,1
util.c:,1
\"\client's\,1
http://issues.apache.org/bugzilla/show_bug.cgi?id=31875,1
deliminated,1
(need,1
\threading,\,1
linuxthreads:,1
\some,\,1
Win95/98,1
down..,1
honored,1
trivial,1
Parts,1
MPE,1
\(no,\,1
blithering,1
\installed,\,1
apr-util/aprutil.exports,1
beos/beos.h,1
ALONE,1
*val),1
unloaded,1
...SystemMonitor,1
switched,1
consumes,1
verify,1
heap,1
rogue,1
Controls,1
SERVER_DEAD,1
\per-server,\,1
(An,1
\ones,\,1
*AFTER*,1
AP_TIME_RECENT_THRESHOLD+1,1
reconfig,1
semaphores..,1
[^\\]\\[\r]\n,1
ap_reclaim_child_processes,1
ap_check_signals,1
concurrent,1
(big/little,1
destruction,1
ourself,1
bitwise,1
APR_HAS_OTHER_CHILD,1
authn/authz,1
<hanche@imf.unit.no>,1
Working,1
filepath,1
61820,1
Resource,1
is_graceful,1
fast..,1
rationalized,1
slop,1
overridden),1
MaxRequestPerChild,1
Changing,1
UIDs,1
aszPre;,1
'::',1
\app,\,1
\MPM,\,1
prelinked,1
-handles-,1
overlap,1
somewhere,1
\res,\,1
gethostbyname(),1
c2x,1
starts..,1
1997-2004,1
information;,1
detection,1
';charset=foo',1
APIs,1
non-HTTP,1
\service),\,1
ap_rgetline),1
Various,1
$ServerRoot/$RuntimeDir/gmon.out,1
infinitum,1
\value,\,1
(unsigned)(char)(x),1
delayed,1
!schService,1
\ap_log_rerror(APLOG_MARK,\,1
AP_MODE_INIT,1
linuxthreads,1
ControlService(),1
Perl-Compatible,1
semis,1
followed:,1
used:,1
while..,1
Host,1
\Ergo,\,1
planning,1
\blocking,\,1
already),1
APACHE_OS_BEOS,1
Similar,1
post-loop,1
get_worker:,1
\-D,\,1
corresponding,1
ISPs,1
\parents,\,1
add_module,1
HAVE_DRIVE_LETTERS,1
\EOF,\,1
1st,1
DAMAGE,1
winnt/mpm.h,1
Reading,1
proprietary,1
\died,\,1
careful,1
absent,1
\CGI's,\,1
Location/File/Dir,1
pt->type,1
Q's,1
ap_configtestonly,1
\arg,\,1
\"\Symbolic\,1
\variable,\,1
ETags,1
\fee,\,1
restart',1
\s2,\,1
Four,1
Kloss,1
\unknown,\,1
200,1
Grouping,1
\firstly,\,1
listen/accept,1
symmetric,1
\canonicalization,\,1
??,1
(though,1
representations,1
Center,1
OVERRIDES,1
PROCUREMENT,1
Harald,1
configured..,1
process_command_config,1
designed,1
non-responsive,1
SysV,1
sendlen,1
\apr_pollset,\,1
deprecated,1
SUCH,1
Later,1
reliably,1
acknowledged,1
CGIs,1
\walk,\,1
Post,1
\forgotten,\,1
\match,\,1
apr_time_exp_lt(),1
AP_REG_ASSERT,1
easier,1
\myname,\,1
'?',1
AP_MPM_WANT_SET_COREDUMPDIR,1
(unlike,1
Posted,1
RSA,1
scoreboard.c,1
\secure,\,1
implementing,1
ap_make_full_path,1
\server_addr_recs,\,1
foo-loggers,1
inadvertently,1
\specified,\,1
startup,1
Dummy,1
-------------,1
converts,1
WM_DESTROY,1
Trap,1
Added,1
process;,1
Extensive,1
(CR?)LF,1
content),1
APACHE_MPM_WINNT_H,1
calculate,1
forks,1
process-local,1
home-brew,1
\OSD/POSIX,\,1
incoming,1
ap_stop_service(schService);,1
\noninheritable,\,1
is_tty,1
'em);,1
spec),1
passwords,1
time),1
day,1
duplicated,1
reserving,1
Jim,1
\"\/httpd.pid"\\,1
\all,\,1
\quotes,\,1
problem',1
zeroed,1
\regsub(),\,1
easily,1
8-bit,1
inner,1
\Also,\,1
Forward,1
(may,1
bb,1
\_NOTFOUND,\,1
\new->opts,\,1
locking,1
APACHE_OS_WIN32,1
danger,1
forming,1
/bin),1
\FILE,\,1
transports,1
finalize_response,1
protecting,1
apr_socket_t,1
pcreposix.c,1
*aren't*,1
notice),1
Lamers,1
\hack,\,1
8k,1
Load,1
April-July,1
Port,1
ap_get_server_version(),1
'?'),1
hacked,1
Messages,1
reminds,1
ad,1
apr_wait_for_io_or_timeout(),1
\Ideally,\,1
\object,\,1
aborts,1
dir_walk's,1
SUITABILITY,1
push2worker,1
\CTRL_C_EVENT,\,1
undesireable,1
\defined,\,1
palloc,1
simulate,1
worker/fdqueue.h,1
winnt.c:,1
\Hopefully,\,1
buff.endpos,1
shortly,1
reduced,1
opts_remove),1
_SUCCESS,1
(of,1
inter-module,1
arr_elts_close():,1
failures;,1
Reserved,1
toss,1
sconf,1
THEN,1
id..,1
fixes,1
allowed-methods,1
Punt,1
\working,\,1
FixConsoleControlHandler,1
THESE,1
Uinx,1
CAN,1
argv[0],1
httpd.conf:,1
carets,1
account,1
significance),1
cfg_open*()/cfg_closefile(),1
name_vhost_list,1
forked,1
walk_walked_t,1
ALWAYS,1
\comma,\,1
COMP_CONTEXTs,1
\hmodHook,\,1
#ifdef,1
recognize;,1
appreciate,1
\does,\,1
\recursively,\,1
authentication,1
IN[6]ADDR_ANY,1
%Z,1
nlm,1
mod_includes.c),1
\number,\,1
lives,1
TIME_CACHE_SIZE,1
WAY,1
/a/b/foo.6726),1
\(INCLUDING,\,1
do_nothings,1
cmdline,1
over-running,1
unregisters,1
negative:,1
today;,1
(using,1
contributors,1
Excluding,1
preserving,1
Lowercase,1
--with-efence,1
SERVICE_CONFIG_DESCRIPTION,1
PERFORMANCE,1
Disconnected,1
validation,1
screw,1
materials,1
PR#31759,1
filename_len,1
flying,1
\scope,\,1
cached_explode(),1
bypass,1
fixups,1
\ptemp,\,1
One-time,1
Queue,1
certainly,1
personally,1
\"\cute"\\,1
disadvantage,1
canonical_filename,1
run_sub_req,1
mpmt_os2/mpm_default.h,1
through..,1
world,1
_dup2()'ed,1
AP_MPM_WANT_SET_PIDFILE,1
debuggers,1
re-use,1
-don't-,1
sensitive,1
REPRESENTATIONS,1
transfer,1
WWW,1
V6ONLY,1
blindly,1
land,1
DYNAMIC_MODULE_LIMIT,1
pure,1
\failure,\,1
config.),1
PARTICULAR,1
shutdown',1
starving,1
futurosity,1
\date,\,1
\useful,\,1
\ap_allow_options(r),\,1
\don't,\,1
Parse,1
inodes,1
\in,\,1
\("\Host:\,1
GetCurrentThread,1
\locked,\,1
unexpectedly,1
OS/390,1
Apache/2.0,1
DefaultType,1
apPID_restart,1
conf->d[_*],1
-E,1
incomplete,1
classified,1
accept()s,1
expensive,1
One,1
+1,1
\%s"\,\,1
advantage,1
risk,1
Enquiry,1
\quietly,\,1
Count,1
if/else,1
\correctly,\,1
out-of-line,1
non-empty,1
\apr_array_make(apr_hook_global_pool,\,1
lifting;,1
avoiding,1
Jan,1
\space,\,1
Basic,1
recycled.),1
implement,1
mpm's,1
iterate,1
\1.4,\,1
They're,1
spacing,1
counters,1
Preserve,1
use_acceptex,1
\"\events"\\,1
alone,1
AP_TIME_RECENT_THRESHOLD,1
\(or,\,1
Newlines,1
(exception:,1
\"\:*"\\,1
(common,1
c:\win\system32,1
gmon.out,1
consider:,1
authorisation,1
C:/apache/bin/apache.exe,1
FITNESS,1
submitter,1
udp_sock,1
Win9x:,1
wait_or_timeout,1
Put,1
ap_make_content_type(),1
(%0),1
(remember,1
\exception,\,1
a_p_o_c_died.),1
stock,1
sd,1
(only,1
HERE,1
monitor_hwnd,1
<joek@be.com>,1
CTRL_CLOSE_EVENT,1
[but,1
statements,1
Free,1
realm,1
reassembling,1
c,1
maps,1
<address>[:port],1
leftover,1
knew,1
\*'s,\,1
enables,1
wrote,1
-S,1
pool-based,1
\EINTR,\,1
Insert,1
link's,1
ended,1
Prefix,1
tinkered,1
RlimitFoo,1
ACTIVE,1
(martin@net.lut.ac.uk),1
act,1
apr_snprintf,1
legitimate,1
+=,1
r->portno,1
serving,1
(spec,1
reap,1
placeholder,1
\limit,\,1
(INCLUDING,1
\But,\,1
\__FILE__,\,1
DEFAULT_MAX_FREE_THREADS,1
@@@:,1
exceptions,1
Nuke,1
destiny..,1
HUH,1
mandatory,1
worker/mpm.h,1
injected,1
virthost,1
2.0.x,1
functions/values,1
met:,1
tags),1
NoMatch,1
-f,1
humour,1
pHook->aszSuccessors,1
\/symlink/index.html,\,1
by:,1
Output,1
warn,1
orig,1
25=smtp,1
\"\Wed\,1
\unsigned,\,1
LF),1
row,1
bypasses,1
Seek,1
set_service_description,1
\1993"\\,1
AP_REG_INVARG,1
\terminate,\,1
setaside,1
\CR,\,1
ap_scoreboard_image->servers[child_slot][c].tid,1
initially,1
\':',\,1
HUP,1
\pre-flighted,\,1
\vars,\,1
separators,1
unchanged,1
parent's,1
Toggle,1
CRLFs,1
`man,1
\common,\,1
own.),1
thinks,1
According,1
Signalling,1
ListenBacklog,1
quits,1
intention,1
(process,1
stdin/out/err,1
(-n),1
apr_ltoa,1
\symlink,\,1
reclaim,1
APACHE_MPM_H,1
(last_field),1
\large,\,1
/24s,1
directory;,1
(Win95?),1
\"\/"\>\,1
r->uri,1
upper,1
days,1
REGARD,1
modp,1
APACHE_OS_OS2,1
scenario),1
drill,1
\mod_ident,\,1
*presume*,1
totally,1
Cause,1
abstraction,1
lingering,1
altering,1
cookies,1
recursive,1
\\"\\,1
command_rec,1
webserver,1
_walk(),1
\"\./"\\,1
\WinNT,\,1
vacated,1
md5.c,1
pause,1
(class);,1
max_spare_threads,1
servicing,1
worker_main(),1
simultaneously,1
virtualhosts,1
resorce,1
restrictions,1
apr_status_t,1
Martin,1
write-end,1
\log,\,1
ugly,1
Entry,1
soooo,1
Sends,1
apr_hook_debug_current;,1
dummy_stderr,1
***********************************************************************,1
overflow,1
differ,1
evaluate,1
responses,1
keyed,1
ap_docrootcheck,1
4),1
configfile_t,1
NOT!!,1
\robustness,\,1
munged,1
Locator,1
\handling,\,1
AP_PARENT_PID,1
leaking,1
folk,1
queries,1
\(HUP,\,1
paddr,1
Need,1
wrappers,1
*someone*,1
\"\knows"\\,1
Invariant:,1
'95,1
nasty,1
FD_SET,1
timely,1
<Locations,1
rational,1
delimit,1
ap_run_type_checker,1
running..,1
tmp,1
referenced,1
'rooted',1
identified,1
Exent,1
user.h,1
pun,1
Command,1
Change,1
kills,1
\pool,\,1
sendfile(),1
_hooks.link_post_config->nelts;,1
installation,1
batches,1
nobody,1
123456789012345678901234,1
entry_core->r),1
Fns,1
webservers,1
validated,1
SendBufferSize,1
POSIX-esque,1
deref,1
HOWEVER,1
useless,1
providing,1
strucure,1
equal,1
easy*,1
died),1
\mechanisms,\,1
writable,1
opening,1
\<Limit>,\,1
knowing,1
\already,\,1
produce,1
maintaining,1
stash,1
\technique,\,1
\connections,\,1
\1993,\,1
ap_scoreboard],1
\supplied,\,1
family,1
modules/http/http_request.c,1
jogging,1
tty_info,1
greatly,1
\"\accept"\,\,1
(r->finfo.filetype,1
User-Agent,1
\"\http://www.wherever.com/..\..\/"\\,1
execute,1
Content-Length,1
MPM's,1
appropriately,1
cross-country,1
\cleaned,\,1
\blocked,\,1
varieties,1
\branch,\,1
throughout,1
AuthType,1
HHOOK,1
Does,1
whilst,1
hookwndmsg,1
SINGLE_LISTEN_UNSERIALIZED_ACCEPT,1
soak,1
issues,1
TransmitFile,1
tables,1
CR,1
name-,1
trunk,1
\"\more"\\,1
tidied,1
same-dir,1
minimum,1
state:,1
Hash,1
\APR,\,1
canned,1
cache_element.t,1
variable;,1
Attempts,1
r->finfo,1
namespace,1
INDIRECT,1
dinner,1
preload,1
worker/pod.h,1
section);,1
\Uninstall,\,1
r->proxyreq,1
colon,1
okay,1
<8KB,1
aborted,1
matter,1
allocation),1
FQDN,1
\mpm_post_completion_context(),\,1
THREADS,1
\test_file,\,1
\target,\,1
:port,1
delays,1
reuses,1
Jun,1
\and,\,1
config-file,1
English,1
\_OK_,\,1
\plog,\,1
accurate,1
goal,1
emulate_sendfile(),1
succession,1
Solaris,1
Digest,1
decoration,1
%2F's,1
nOrder;,1
replacing,1
constraint,1
metacharacters:,1
.core,1
\Win9xConHook.dll,\,1
thunk,1
zone,1
(In,1
Long,1
1:,1
(0.0.0.0),1
sorting,1
Sanity,1
began,1
\IS"\,\,1
internals,1
-length,1
FROM,1
OTHERWISE),1
spawn_rate,1
disallowing,1
alloc_len,1
thisinfo,1
inheritance,1
\restarts,\,1
peer,1
dup'ing,1
ETag,1
%2f,1
\2616,\,1
problem!!,1
FileETag,1
caused,1
coredump,1
\"\*POSIX(/home/martin/apache/src/modules/standard/mod_info.c)"\\,1
\parameters,\,1
Trie,1
\mangling,\,1
beta,1
soul,1
writev,1
